n_inv,LOLE(MWh),CAPEX(M$),Inv group 1,Inv group 2,Inv group 3,Inv group 4,Inv group 5,Inv group 6,Inv group 7,Inv group 8,Inv group 9,Inv group 10,Inv group 11,Inv group 12,Inv group 13,Inv group 14,Inv group 15,Inv group 16,Inv group 17,Inv group 18,Inv group 19,Inv group 20,Inv group 21,Inv group 22,Inv group 23,Inv group 24,Inv group 25
0,1.1102230246251565e-16,0.00,0,0,0,0,0,0,0,0,0,0,0,0,0,0,0,0,0,0,0,0,0,0,0,0
0,1.1102230246251565e-16,0.00,0,0,0,0,0,0,0,0,0,0,0,0,0,0,0,0,0,0,0,0,0,0,0,0
1,1.1102230246251565e-16,9000000.00,0,0,0,0,0,0,0,0,0,0,0,0,0,0,0,0,0,1,0,0,0,0,0,0
1,1.1102230246251565e-16,9000000.00,0,0,0,0,0,0,0,0,0,0,0,0,0,0,1,0,0,0,0,0,0,0,0,0
2,1.1102230246251565e-16,9000000.00,0,0,0,0,0,0,0,0,0,0,0,0,0,0,1,0,0,0,0,0,1,0,0,0
3,1.1102230246251565e-16,7720000.01,0,0,0,1,0,0,0,1,0,0,0,0,0,0,0,0,0,0,0,0,0,0,0,0
3,1.1102230246251565e-16,8960000.00,0,0,0,0,0,1,0,0,1,0,1,0,0,0,0,0,0,0,0,0,0,0,0,0
4,1.1102230246251565e-16,18000000.00,0,0,0,0,0,0,0,0,0,0,0,0,0,0,0,1,1,0,0,1,0,1,0,0
6,1.1102230246251565e-16,23520000.00,0,1,0,0,1,0,1,0,0,0,1,0,1,1,0,0,0,0,0,0,0,0,0,0
7,1.1102230246251565e-16,33800000.00,0,0,0,0,0,0,0,0,1,1,0,0,0,0,1,1,0,0,1,0,0,1,1,0
8,1.1102230246251565e-16,33760000.00,0,0,0,0,0,1,0,1,0,1,0,1,1,0,1,1,0,0,0,0,0,1,0,0
10,1.1102230246251565e-16,27840000.00,1,1,0,1,1,0,1,1,0,1,0,0,0,0,0,0,0,1,0,0,0,1,0,1
12,1.1102230246251565e-16,25680000.00,1,0,1,0,0,1,1,0,1,1,0,0,0,0,1,0,0,0,0,1,1,1,1,1
14,1.1102230246251565e-16,37760000.01,1,1,1,1,1,0,0,1,0,1,0,0,0,1,0,0,0,1,0,1,1,1,1,0
16,1.1102230246251565e-16,68480000.00,0,1,1,0,0,1,1,0,1,1,1,1,0,1,0,1,1,1,1,1,1,0,0,1
19,1.1102230246251565e-16,74960000.01,1,0,1,1,1,1,0,1,1,1,1,1,0,1,1,1,1,0,1,0,1,1,0,1
22,1.1102230246251565e-16,78360000.01,1,1,0,1,1,1,1,1,1,1,1,1,0,1,1,1,0,1,1,1,1,1,1,1
25,1.1102230246251565e-16,92920000.01,1,1,1,1,1,1,1,1,1,1,1,1,1,1,1,1,1,1,1,1,1,1,1,1
9,1.1102230246251565e-16,27840000.00,1,1,0,1,1,0,1,0,0,0,1,0,1,1,0,0,0,0,0,0,0,1,0,0
5,1.1102230246251565e-16,21400000.00,0,0,0,0,0,0,0,0,0,0,0,1,0,0,0,1,1,0,0,1,0,1,0,0
17,1.1102230246251565e-16,59480000.01,0,1,0,1,0,0,1,1,1,0,1,1,0,1,1,0,0,1,1,1,1,1,1,1
14,1.1102230246251565e-16,64160000.00,0,1,0,0,0,0,1,0,1,1,1,1,0,1,0,1,1,1,1,1,1,0,0,1
4,1.1102230246251565e-16,24800000.00,0,0,0,0,0,0,0,0,1,1,0,0,0,0,1,0,0,0,1,0,0,0,0,0
14,1.1102230246251565e-16,60440000.00,0,1,1,0,1,1,1,0,0,0,1,0,0,1,0,1,1,1,1,1,1,0,0,1
15,1.1102230246251565e-16,57000000.01,1,0,1,1,1,0,0,1,1,1,0,0,0,1,1,0,1,0,1,0,1,1,0,1
7,1.1102230246251565e-16,23520000.00,0,1,0,0,1,0,1,1,0,1,0,0,0,0,0,0,0,1,0,0,0,0,0,1
7,1.1102230246251565e-16,30360000.00,0,0,0,0,0,1,0,1,0,1,0,0,1,0,1,1,0,0,0,0,0,1,0,0
8,1.1102230246251565e-16,26600000.01,1,0,0,1,1,1,0,1,0,1,0,0,0,0,0,1,0,0,0,0,0,0,0,0
12,1.1102230246251565e-16,32160000.00,1,1,1,1,1,1,1,1,0,1,0,0,0,0,0,0,0,1,0,0,0,1,0,1
4,1.1102230246251565e-16,18000000.00,0,0,0,0,0,0,0,0,0,0,0,0,0,0,1,1,0,0,0,0,0,1,1,0
8,1.1102230246251565e-16,31560000.00,0,1,0,0,0,0,1,0,1,1,1,1,1,1,0,0,0,0,0,0,0,0,0,0
18,1.1102230246251565e-16,72800000.01,0,1,1,1,0,1,1,1,0,1,1,1,0,0,1,1,1,1,1,0,1,1,1,0
5,1.1102230246251565e-16,20160000.00,0,0,0,1,0,0,0,0,0,0,0,0,0,1,1,0,0,0,0,0,0,1,0,1
12,1.1102230246251565e-16,39320000.01,0,0,0,0,0,1,1,1,0,1,1,1,0,0,1,1,0,0,0,1,0,1,1,0
15,1.1102230246251565e-16,66320000.00,0,0,1,0,0,1,1,0,1,1,1,1,0,1,1,1,1,0,1,1,1,0,0,1
13,1.1102230246251565e-16,56080000.00,0,1,1,0,0,1,1,0,1,1,1,0,0,0,0,1,1,1,1,1,0,0,0,1
15,1.1102230246251565e-16,63800000.01,1,0,1,0,1,1,0,1,1,1,1,1,0,0,1,1,1,0,1,0,1,0,0,0
18,1.1102230246251565e-16,72800000.00,1,1,0,1,1,1,0,1,1,1,0,1,1,1,1,1,0,1,1,0,1,1,0,1
11,1.1102230246251565e-16,40280000.01,1,0,1,0,0,0,0,0,1,0,1,0,0,1,1,0,0,1,0,1,0,1,1,0
3,1.1102230246251565e-16,12400000.00,0,0,0,0,0,0,0,0,0,0,0,1,0,1,0,0,0,0,0,0,1,0,0,0
16,1.1102230246251565e-16,54800000.01,1,0,1,0,1,1,1,1,0,1,1,0,1,0,0,1,0,1,1,0,1,1,1,0
10,1.1102230246251565e-16,34680000.00,1,1,0,1,0,0,0,1,1,0,1,0,0,0,0,1,0,1,0,0,1,1,0,0
9,1.1102230246251565e-16,41520000.00,0,0,0,1,0,1,0,0,1,1,0,0,1,0,0,1,1,1,0,0,1,0,0,0
10,1.1102230246251565e-16,31240000.01,0,1,0,0,1,1,1,1,0,1,0,1,0,0,0,0,0,1,0,0,0,0,0,1
7,1.1102230246251565e-16,25680000.00,0,1,0,0,1,1,1,0,0,0,1,0,1,1,0,0,0,0,0,0,0,0,0,0
17,1.1102230246251565e-16,67240000.00,1,1,0,0,1,1,1,0,1,1,0,1,0,1,1,1,0,1,1,1,1,0,1,1
9,1.1102230246251565e-16,42800000.00,0,0,0,0,0,0,0,0,0,1,0,1,0,1,0,1,1,1,0,1,1,0,0,1
7,1.1102230246251565e-16,24440000.01,1,1,0,1,0,0,0,1,0,1,0,0,0,0,1,0,0,0,0,0,0,0,0,0
6,1.1102230246251565e-16,29160000.00,0,0,1,0,0,0,0,0,0,0,0,0,0,0,1,1,1,0,0,0,0,1,0,1
9,1.1102230246251565e-16,24440000.01,0,0,1,1,0,1,0,0,0,0,1,1,0,0,0,0,1,0,0,1,0,0,1,0
10,1.1102230246251565e-16,40280000.01,0,1,1,0,0,0,0,1,0,0,1,0,0,0,1,0,1,1,0,1,1,0,0,0
2,1.1102230246251565e-16,12400000.00,0,0,0,0,0,0,0,0,1,0,0,0,0,0,1,0,0,0,0,0,0,0,0,0
15,1.1102230246251565e-16,57320000.00,0,1,1,0,0,0,1,0,1,1,1,1,0,0,0,1,1,1,1,1,1,1,0,1
3,1.1102230246251565e-16,21400000.00,0,0,0,0,0,0,0,0,0,1,0,0,0,0,1,0,0,0,1,0,0,0,0,0
9,1.1102230246251565e-16,31600000.00,0,0,0,0,0,0,1,1,0,1,1,0,0,0,1,1,0,0,0,1,0,1,1,0
11,1.1102230246251565e-16,31240000.01,1,1,0,1,0,0,1,0,0,1,0,1,1,0,1,0,0,0,0,0,1,0,0,1
11,1.1102230246251565e-16,40280000.01,1,0,0,0,0,1,0,0,1,0,0,1,0,0,1,1,1,0,0,0,1,1,1,0
21,1.1102230246251565e-16,76200000.01,1,0,1,0,1,1,1,0,1,1,1,1,1,1,1,1,1,0,1,1,1,1,1,1
12,1.1102230246251565e-16,57320000.01,1,0,0,0,0,0,1,0,1,0,1,1,1,1,0,1,1,0,1,0,1,0,0,0
18,1.1102230246251565e-16,61640000.01,0,0,0,1,1,1,1,1,1,0,1,1,0,1,0,1,0,1,1,1,1,1,1,1
11,1.1102230246251565e-16,44920000.00,0,1,0,0,0,1,1,0,1,1,1,0,0,0,0,1,0,1,1,1,0,0,1,0
6,1.1102230246251565e-16,30400000.00,0,0,0,0,0,0,0,1,0,0,0,0,0,0,1,1,1,0,0,1,0,1,0,0
15,1.1102230246251565e-16,63840000.01,0,1,0,1,0,1,1,0,1,1,0,0,0,0,1,1,1,1,1,0,1,1,0,1
6,1.1102230246251565e-16,30400000.00,0,0,0,0,0,0,0,0,0,1,0,0,0,0,1,1,0,0,1,0,0,1,1,0
15,1.1102230246251565e-16,61640000.01,1,0,0,0,1,1,1,1,0,1,1,0,1,1,0,1,0,1,1,0,1,0,1,0
4,1.1102230246251565e-16,24800000.00,0,0,0,0,0,0,0,0,0,1,0,1,0,0,1,0,0,0,1,0,0,0,0,0
3,1.1102230246251565e-16,12400000.00,0,0,0,0,0,0,0,0,1,0,0,0,0,1,0,0,0,0,0,0,1,0,0,0
10,1.1102230246251565e-16,38120000.00,1,0,0,1,0,0,0,1,0,1,0,0,0,0,1,0,1,0,1,0,1,1,0,1
5,1.1102230246251565e-16,24800000.00,0,0,0,0,0,0,0,0,1,1,0,0,0,0,1,0,0,0,1,0,0,0,1,0
12,1.1102230246251565e-16,51760000.00,0,1,0,0,0,0,1,0,1,0,1,1,0,0,0,1,1,1,1,1,0,1,0,1
7,1.1102230246251565e-16,24760000.00,0,0,0,0,0,1,0,1,0,1,0,1,1,0,1,0,0,0,0,0,0,1,0,0
12,1.1102230246251565e-16,52680000.00,0,1,1,0,0,1,1,0,0,1,1,0,0,0,1,1,0,1,1,1,0,0,0,1
4,1.1102230246251565e-16,15800000.00,0,0,0,0,0,0,0,0,1,1,0,0,0,1,0,0,0,0,0,0,1,0,0,0
21,1.1102230246251565e-16,70600000.01,1,0,0,1,1,1,1,1,1,1,1,1,1,0,1,1,0,1,1,1,1,1,1,1
9,1.1102230246251565e-16,29120000.00,0,1,0,0,1,0,0,0,1,0,0,1,0,1,0,1,0,0,0,1,1,0,1,0
6,1.1102230246251565e-16,30360000.00,0,0,0,1,0,0,0,0,1,1,0,0,1,0,1,1,0,0,0,0,0,0,0,0
6,1.1102230246251565e-16,24760000.00,0,0,0,0,0,1,0,1,1,1,1,0,0,0,0,0,0,1,0,0,0,0,0,0
12,1.1102230246251565e-16,45840000.00,1,0,1,0,1,1,1,1,0,1,0,0,0,0,0,1,0,1,1,0,0,1,1,0
2,1.1102230246251565e-16,12400000.00,0,0,0,0,0,0,0,0,0,1,0,0,0,0,0,0,0,0,1,0,0,0,0,0
3,1.1102230246251565e-16,18000000.00,0,0,0,0,0,0,0,0,0,0,0,0,0,0,1,1,0,0,0,0,0,1,0,0
13,1.1102230246251565e-16,43680000.01,0,0,1,0,1,0,1,1,0,1,0,0,0,0,1,0,1,1,0,1,1,1,0,1
3,1.1102230246251565e-16,18000000.00,0,0,0,0,0,0,0,0,0,0,0,0,0,1,0,1,0,0,0,0,1,0,0,0
10,1.1102230246251565e-16,35000000.00,0,0,0,0,0,0,1,1,1,1,1,0,0,0,0,1,1,0,0,1,0,1,1,0
3,1.1102230246251565e-16,21400000.00,0,0,0,0,0,0,0,0,1,0,0,0,0,0,1,0,0,0,1,0,0,0,0,0
13,1.1102230246251565e-16,53920000.00,0,1,1,0,0,0,1,1,0,1,1,0,0,1,1,1,1,0,0,1,0,1,1,0
5,1.1102230246251565e-16,28200000.00,0,0,0,0,0,0,0,0,1,1,0,1,0,0,1,0,0,0,1,0,0,0,0,0
5,1.1102230246251565e-16,23560000.00,0,0,0,0,0,1,0,0,1,0,0,0,0,0,0,0,1,1,0,0,1,0,0,0
4,1.1102230246251565e-16,7720000.00,0,1,0,0,1,0,1,0,0,0,0,0,0,0,0,0,0,0,0,0,0,0,0,1
8,1.1102230246251565e-16,26960000.01,0,0,0,0,0,0,0,0,0,0,1,0,1,0,1,1,0,0,0,0,1,1,1,0
12,1.1102230246251565e-16,51760000.00,0,1,0,0,0,0,1,0,1,0,1,1,0,1,0,1,1,1,0,1,1,0,0,1
3,1.1102230246251565e-16,3400000.00,0,0,0,0,0,0,0,0,0,0,0,1,0,0,0,0,0,0,0,0,1,1,0,0
8,1.1102230246251565e-16,24760000.01,0,0,0,0,0,0,1,0,0,1,1,1,0,0,0,1,0,0,0,1,0,0,1,0
9,1.1102230246251565e-16,40600000.00,0,0,0,0,0,0,1,1,0,1,1,0,0,1,1,1,0,0,0,1,0,0,1,0
19,1.1102230246251565e-16,76200000.01,0,1,1,1,1,0,1,1,1,1,0,1,1,1,1,1,1,0,1,1,1,0,1,0
5,1.1102230246251565e-16,15760000.00,0,0,0,0,0,1,0,1,1,1,1,0,0,0,0,0,0,0,0,0,0,0,0,0
6,1.1102230246251565e-16,28200000.00,0,0,0,0,0,0,1,1,1,0,0,0,0,1,0,0,0,1,0,0,0,0,0,1
7,1.1102230246251565e-16,38120000.01,1,0,0,0,0,0,0,0,1,0,0,1,0,0,0,1,1,0,1,0,0,0,0,0
10,1.1102230246251565e-16,40600000.00,0,0,0,0,0,0,1,1,0,1,1,0,0,0,1,1,1,0,0,1,0,1,1,0
7,1.1102230246251565e-16,33800000.00,0,0,0,0,0,0,1,0,0,1,0,0,0,1,1,1,0,0,0,1,0,0,1,0
11,1.1102230246251565e-16,51760000.00,0,1,0,0,0,0,0,0,1,1,1,1,0,0,0,1,1,1,1,1,0,0,0,1
21,1.1102230246251565e-16,78360000.01,1,0,1,1,1,1,1,1,1,0,1,1,1,1,1,1,1,0,1,1,1,0,1,1
4,1.1102230246251565e-16,15800000.00,0,0,0,0,0,0,0,0,0,1,0,1,0,0,1,0,0,0,0,0,1,0,0,0
9,1.1102230246251565e-16,29120000.00,1,0,0,0,0,1,0,0,0,0,1,1,0,1,0,0,0,1,0,0,1,1,0,1
4,1.1102230246251565e-16,17960000.00,0,0,0,0,0,1,0,0,1,0,1,0,0,0,0,0,0,1,0,0,0,0,0,0
5,1.1102230246251565e-16,28200000.00,0,0,0,0,0,0,1,0,1,0,0,1,0,0,1,0,0,0,1,0,0,0,0,0
7,1.1102230246251565e-16,31600000.00,0,0,0,0,0,0,1,0,1,0,1,0,1,1,1,0,0,0,0,0,1,0,0,0
9,1.1102230246251565e-16,26000000.00,0,0,0,0,0,0,1,1,1,1,1,0,0,0,0,1,0,0,0,1,0,1,1,0
4,1.1102230246251565e-16,19200000.00,0,0,0,0,0,0,0,1,0,1,1,0,0,0,0,0,0,0,1,0,0,0,0,0
8,1.1102230246251565e-16,40600000.00,0,0,0,0,0,0,1,0,1,1,0,1,0,1,1,0,0,0,1,0,1,0,0,0
15,1.1102230246251565e-16,58240000.01,1,0,0,1,1,0,1,1,0,1,0,0,1,0,0,1,1,1,1,0,0,1,1,1
16,1.1102230246251565e-16,71880000.01,1,1,0,0,0,0,1,0,1,1,1,1,1,1,0,1,1,1,1,0,1,1,0,0
4,1.1102230246251565e-16,24800000.00,0,0,0,0,0,0,0,0,1,1,0,0,0,1,0,0,0,0,1,0,0,0,0,0
5,1.1102230246251565e-16,17960000.00,0,1,0,0,0,0,1,0,1,0,0,0,0,0,0,0,0,0,1,0,0,0,1,0
5,1.1102230246251565e-16,21400000.00,0,0,0,0,0,0,0,0,0,0,1,0,0,0,0,1,0,0,1,1,0,0,0,1
11,1.1102230246251565e-16,53000000.00,0,0,0,0,0,0,1,0,1,0,1,1,1,1,0,1,1,0,1,0,1,0,0,1
6,1.1102230246251565e-16,30360000.00,0,0,0,0,1,0,0,0,0,1,1,0,1,1,1,0,0,0,0,0,0,0,0,0
9,1.1102230246251565e-16,42760000.00,0,1,0,0,0,0,1,0,1,1,0,1,0,0,0,0,1,1,1,0,0,1,0,0
15,1.1102230246251565e-16,68480000.01,1,1,0,0,0,0,1,0,1,1,1,1,0,1,0,1,1,1,1,1,1,0,0,0
14,1.1102230246251565e-16,50480000.00,1,0,1,0,0,1,1,1,1,0,1,1,0,1,1,0,0,1,0,1,0,0,1,1
11,1.1102230246251565e-16,47400000.00,0,0,0,0,0,0,1,1,1,1,1,0,1,1,1,1,0,0,0,0,1,0,1,0
4,1.1102230246251565e-16,17960000.00,0,0,0,0,0,1,0,0,1,0,0,1,0,0,1,0,0,0,0,0,0,0,0,0
8,1.1102230246251565e-16,26960000.00,0,0,1,0,0,0,0,0,0,1,0,1,0,0,1,0,0,0,1,1,1,0,1,0
15,1.1102230246251565e-16,60400000.01,0,0,1,1,1,1,1,1,1,0,0,0,1,1,1,0,1,1,0,1,0,0,0,1
8,1.1102230246251565e-16,35920000.01,0,1,0,0,0,0,0,0,1,1,1,1,0,1,0,0,0,0,1,0,0,0,0,0
10,1.1102230246251565e-16,38400000.00,0,0,0,0,0,0,1,1,1,1,1,0,1,1,1,0,0,0,0,1,0,1,0,0
14,1.1102230246251565e-16,48320000.00,0,1,0,0,0,1,0,1,1,0,1,1,1,1,1,0,1,0,0,0,1,1,1,1
1,1.1102230246251565e-16,0.00,0,0,0,0,0,0,0,0,0,0,0,0,0,0,0,0,0,0,0,1,0,0,0,0
7,1.1102230246251565e-16,31600000.00,0,0,0,0,0,0,1,0,1,1,0,1,0,0,1,0,0,0,1,0,1,0,0,0
9,1.1102230246251565e-16,49600000.00,0,0,0,0,0,0,0,0,1,1,1,1,0,0,0,1,1,1,1,1,0,0,0,0
17,1.1102230246251565e-16,54800000.01,1,0,0,1,1,1,1,0,1,0,1,1,1,0,1,0,0,1,1,1,1,1,0,1
6,1.1102230246251565e-16,26000000.00,0,0,0,0,0,0,1,1,1,1,1,0,0,0,0,0,0,0,1,0,0,0,0,0
21,1.1102230246251565e-16,90760000.01,1,1,0,1,1,1,1,1,1,1,1,1,1,1,1,1,1,1,1,0,0,1,0,1
10,1.1102230246251565e-16,48360000.00,1,0,0,0,0,0,1,0,0,1,0,0,1,0,0,1,1,1,1,0,1,1,0,0
6,1.1102230246251565e-16,24800000.00,0,0,0,0,0,0,1,0,0,0,1,0,0,0,1,1,0,0,0,0,1,0,1,0
18,1.1102230246251565e-16,65040000.01,1,0,0,1,1,0,1,1,1,0,1,1,1,0,1,1,0,1,1,0,1,1,1,1
9,1.1102230246251565e-16,40600000.00,0,0,0,0,0,0,1,1,0,1,1,0,0,0,1,1,1,0,0,0,0,1,1,0
12,1.1102230246251565e-16,60760000.00,0,1,0,0,0,0,1,0,1,0,1,1,0,1,0,1,1,1,1,1,0,0,0,1
4,1.1102230246251565e-16,14560000.00,0,1,0,0,0,0,0,0,0,1,0,0,0,0,0,0,0,0,1,0,0,0,0,1
12,1.1102230246251565e-16,51760000.00,0,1,0,0,0,0,1,0,1,1,1,0,0,0,0,1,1,1,1,1,0,1,0,1
21,1.1102230246251565e-16,85200000.01,1,0,1,0,1,1,1,1,1,1,1,0,1,1,1,1,1,1,1,1,1,1,1,0
10,1.1102230246251565e-16,53000000.00,0,0,0,0,0,0,1,0,1,0,1,1,1,1,0,1,1,0,1,0,0,0,0,1
10,1.1102230246251565e-16,35000000.00,0,0,0,0,0,0,1,1,1,0,1,1,0,0,0,1,1,0,0,1,0,1,1,0
13,1.1102230246251565e-16,39320000.00,0,1,0,1,0,0,1,1,0,1,1,1,0,0,1,1,0,0,0,1,0,1,1,1
6,1.1102230246251565e-16,26960000.00,0,1,0,0,0,0,1,0,0,0,1,0,0,0,1,1,0,0,0,0,1,0,0,0
13,1.1102230246251565e-16,61640000.01,1,0,1,0,0,1,1,0,1,0,1,1,1,1,0,1,1,0,1,0,0,0,0,0
6,1.1102230246251565e-16,24800000.00,0,0,0,0,0,0,0,0,0,0,0,1,1,0,0,1,0,0,1,0,1,1,0,0
21,1.1102230246251565e-16,87360000.01,1,1,0,1,1,1,1,1,1,1,1,1,0,1,1,1,1,1,1,1,0,1,0,1
3,1.1102230246251565e-16,6800000.00,0,0,0,0,0,0,0,0,1,1,0,0,0,0,0,0,0,0,0,0,1,0,0,0
12,1.1102230246251565e-16,59520000.01,0,1,0,0,0,0,0,0,1,1,1,0,0,1,0,1,1,1,1,0,1,1,0,0
13,1.1102230246251565e-16,64160000.00,0,1,0,0,0,0,1,0,1,1,1,1,0,1,0,1,1,1,1,0,1,0,0,1
18,1.1102230246251565e-16,71880000.01,1,1,0,0,0,0,1,1,1,1,1,1,0,1,0,1,1,1,1,1,1,1,1,0
12,1.1102230246251565e-16,44920000.00,1,0,0,0,0,1,1,0,1,1,1,0,0,0,0,1,1,0,1,1,0,0,1,1
16,1.1102230246251565e-16,55120000.01,0,0,0,1,0,0,1,1,1,1,1,1,1,0,0,1,0,1,1,1,1,1,1,0
12,1.1102230246251565e-16,58600000.00,0,0,0,0,0,0,1,0,1,0,1,1,0,1,0,1,1,1,1,1,0,0,1,1
12,1.1102230246251565e-16,48320000.01,0,0,0,0,0,1,1,1,0,1,0,1,1,0,1,1,1,0,0,0,1,0,1,0
8,1.1102230246251565e-16,31600000.00,0,0,0,0,0,0,1,0,1,0,1,1,0,1,0,0,1,0,0,0,1,0,0,1
14,1.1102230246251565e-16,67560000.00,0,1,0,0,0,0,1,0,1,1,1,1,1,1,0,1,1,1,1,0,1,0,0,1
6,1.1102230246251565e-16,31600000.00,0,0,0,0,0,0,1,1,1,0,1,0,0,1,0,0,0,0,1,0,0,0,0,0
7,1.1102230246251565e-16,24760000.00,1,0,0,0,0,0,1,0,1,0,0,1,1,1,0,0,0,0,0,0,1,0,0,0
11,1.1102230246251565e-16,53000000.00,0,0,0,0,0,0,1,0,1,0,1,1,1,1,0,1,1,0,1,1,0,0,0,1
8,1.1102230246251565e-16,40600000.00,0,0,0,0,0,0,1,0,0,1,1,0,1,0,1,1,1,0,0,0,0,1,0,0
14,1.1102230246251565e-16,41480000.00,1,0,0,0,1,1,1,1,1,1,1,0,0,0,1,1,0,0,0,1,0,1,1,1
7,1.1102230246251565e-16,26000000.00,0,0,0,0,0,0,1,1,1,1,1,0,0,0,0,0,0,0,1,0,1,0,0,0
7,1.1102230246251565e-16,35000000.00,0,0,0,0,0,0,1,1,1,1,1,0,0,0,0,1,0,0,1,0,0,0,0,0
10,1.1102230246251565e-16,44000000.00,0,0,0,0,0,0,1,1,1,0,1,0,1,1,1,1,0,0,0,0,1,0,1,0
11,1.1102230246251565e-16,51760000.00,0,1,0,0,0,0,1,0,1,0,1,1,0,1,0,1,1,0,1,1,0,0,0,1
8,1.1102230246251565e-16,17000000.00,0,0,0,0,0,0,1,1,1,1,1,0,0,0,0,0,0,0,0,1,0,1,1,0
11,1.1102230246251565e-16,38400000.00,0,0,0,0,0,0,1,1,1,1,1,1,0,0,0,1,1,0,0,1,0,1,1,0
14,1.1102230246251565e-16,32480000.00,1,0,0,0,1,1,1,0,1,0,1,1,1,1,0,0,0,0,0,1,1,1,1,1
16,1.1102230246251565e-16,71880000.00,1,1,0,0,1,0,1,1,1,1,1,1,0,1,1,1,1,0,1,0,0,1,1,0
15,1.1102230246251565e-16,67560000.00,0,1,0,0,0,0,1,0,1,1,1,1,1,1,0,1,1,1,1,1,1,0,0,1
13,1.1102230246251565e-16,44920000.01,0,0,0,1,0,0,1,0,0,1,1,1,0,0,0,1,0,1,1,1,1,1,1,0
7,1.1102230246251565e-16,31600000.00,0,0,0,0,0,0,1,1,1,0,1,0,0,1,0,0,0,0,1,0,0,0,0,1
8,1.1102230246251565e-16,33760000.00,0,0,0,0,0,1,1,1,1,0,1,0,0,1,1,0,0,0,0,0,1,0,0,0
5,1.1102230246251565e-16,17960000.00,1,0,0,0,0,0,0,0,1,0,0,1,0,0,1,0,0,0,0,0,1,0,0,0
18,1.1102230246251565e-16,76200000.00,1,1,0,1,1,1,1,1,0,1,1,1,1,0,1,1,1,1,1,0,0,1,0,1
15,1.1102230246251565e-16,62920000.00,1,0,1,0,0,0,1,0,1,0,1,0,1,1,1,1,1,0,1,1,1,1,1,0
11,1.1102230246251565e-16,38400000.00,0,0,0,0,0,0,1,1,1,1,1,0,1,1,0,1,0,0,0,0,1,1,1,0
17,1.1102230246251565e-16,80880000.00,0,1,0,0,1,1,1,0,1,1,1,1,1,1,1,1,1,1,1,0,1,0,0,1
8,1.1102230246251565e-16,24760000.00,1,0,0,0,0,0,1,0,1,0,0,1,1,0,0,0,1,0,0,0,1,0,1,0
14,1.1102230246251565e-16,59480000.01,0,0,0,1,0,1,1,1,0,1,1,0,1,0,1,1,1,1,0,0,0,1,0,1
13,1.1102230246251565e-16,48040000.01,0,1,1,0,1,0,0,0,0,0,0,1,0,1,0,0,1,1,1,0,1,1,1,1
4,1.1102230246251565e-16,10200000.00,0,0,0,0,0,0,0,1,1,0,0,0,1,0,0,0,0,0,0,1,0,0,0,0
7,1.1102230246251565e-16,31600000.00,0,0,0,0,0,0,1,0,1,0,1,1,0,1,0,0,1,0,0,0,1,0,0,0
7,1.1102230246251565e-16,26000000.00,0,0,0,0,0,0,0,1,1,1,1,0,1,0,0,1,0,0,0,0,0,0,1,0
6,1.1102230246251565e-16,22600000.00,0,0,0,0,0,0,1,0,0,1,0,1,1,1,0,0,0,0,0,0,1,0,0,0
10,1.1102230246251565e-16,43680000.01,0,1,0,0,0,1,0,1,1,0,0,0,1,1,1,1,0,0,0,0,1,0,0,0
9,1.1102230246251565e-16,34680000.01,0,0,0,0,1,1,0,1,1,1,0,0,0,1,0,0,0,1,0,0,1,0,0,0
10,1.1102230246251565e-16,44000000.00,0,0,0,0,0,0,1,1,1,1,1,0,0,0,1,1,1,0,0,1,0,0,1,0
18,1.1102230246251565e-16,77440000.01,1,1,0,1,0,0,1,1,1,1,1,1,1,1,0,1,1,1,1,0,0,1,0,1
20,1.1102230246251565e-16,87360000.01,1,1,0,1,1,1,1,1,1,1,1,1,0,1,1,1,1,1,1,0,0,1,0,1
11,1.1102230246251565e-16,38400000.00,0,0,0,0,0,0,1,1,1,0,1,1,1,0,0,1,1,0,0,1,0,1,1,0
1,1.1102230246251565e-16,9000000.00,0,0,0,0,0,0,0,0,0,0,0,0,0,0,0,1,0,0,0,0,0,0,0,0
16,1.1102230246251565e-16,69720000.01,0,1,0,0,0,0,1,0,1,1,1,1,1,1,0,1,1,1,1,1,1,0,0,1
4,1.1102230246251565e-16,6800000.00,0,0,0,0,0,0,0,0,1,0,0,0,1,0,0,0,0,0,0,1,1,0,0,0
9,1.1102230246251565e-16,26000000.00,0,0,0,0,0,0,1,0,0,1,1,1,1,1,0,0,0,0,0,1,1,1,0,0
8,1.1102230246251565e-16,35000000.00,0,0,0,0,0,0,1,1,1,1,1,0,0,1,1,0,0,0,0,0,0,0,1,0
6,1.1102230246251565e-16,28200000.00,0,0,0,0,0,0,1,0,1,1,0,0,0,0,0,1,1,0,0,0,0,1,0,0
3,1.1102230246251565e-16,6800000.00,0,0,0,0,0,0,0,0,1,0,1,0,0,0,0,0,0,0,0,1,0,0,0,0
18,1.1102230246251565e-16,65040000.01,0,1,1,0,0,1,1,1,1,1,1,0,1,1,0,1,1,0,1,1,1,0,1,1
9,1.1102230246251565e-16,34720000.00,0,0,1,0,0,1,0,0,0,0,0,0,1,1,0,1,1,0,0,1,0,0,1,1
7,1.1102230246251565e-16,26000000.00,0,0,0,0,0,0,0,1,1,1,1,0,1,0,1,0,0,0,0,1,0,0,0,0
11,1.1102230246251565e-16,50520000.00,1,1,0,0,0,0,1,0,1,0,1,0,0,1,0,1,0,1,1,0,0,1,0,1
15,1.1102230246251565e-16,70960000.00,0,1,0,0,0,0,1,1,1,1,1,1,1,1,0,1,1,1,1,1,0,0,0,1
12,1.1102230246251565e-16,51440000.00,1,0,1,0,1,1,0,1,1,0,0,0,0,1,1,0,1,0,1,1,0,1,0,0
8,1.1102230246251565e-16,35000000.00,0,0,0,0,0,0,1,1,1,0,1,0,1,0,0,1,0,0,1,0,1,0,0,0
7,1.1102230246251565e-16,13600000.00,0,0,0,0,0,0,0,1,1,1,1,0,0,0,0,0,0,0,0,1,1,0,1,0
4,1.1102230246251565e-16,19200000.00,0,0,0,0,0,0,1,1,0,1,0,0,0,0,0,0,0,0,1,0,0,0,0,0
2,1.1102230246251565e-16,6800000.00,0,0,0,0,0,0,0,1,1,0,0,0,0,0,0,0,0,0,0,0,0,0,0,0
8,1.1102230246251565e-16,31600000.00,0,0,0,0,0,0,1,1,1,0,0,0,1,1,0,1,0,0,0,0,1,0,1,0
16,1.1102230246251565e-16,69400000.00,1,1,1,0,1,1,1,0,1,1,1,0,0,0,1,1,1,1,1,0,0,1,0,1
3,1.1102230246251565e-16,6800000.00,0,0,0,0,0,0,0,0,0,0,1,1,0,0,0,0,0,0,0,0,1,0,0,0
10,1.1102230246251565e-16,35960000.00,0,0,1,0,0,0,1,0,0,1,0,0,0,1,1,0,0,0,1,1,1,1,0,1
4,1.1102230246251565e-16,19200000.00,0,0,0,0,0,0,1,0,0,1,1,0,0,0,0,0,0,0,1,0,0,0,0,0
17,1.1102230246251565e-16,77480000.00,0,1,0,0,1,1,1,0,1,1,0,1,1,1,1,1,1,1,1,0,1,1,0,1
1,1.1102230246251565e-16,0.00,0,0,0,0,0,0,0,0,0,0,0,0,0,0,0,0,0,0,0,0,1,0,0,0
12,1.1102230246251565e-16,56400000.00,0,0,0,0,0,0,1,1,1,1,1,0,1,1,0,1,1,0,1,0,1,0,1,0
4,1.1102230246251565e-16,15800000.00,0,0,0,0,0,0,0,0,0,1,0,1,0,0,1,0,0,0,0,1,0,0,0,0
12,1.1102230246251565e-16,49560000.00,0,1,0,0,0,0,1,1,0,1,1,1,1,1,0,1,1,0,0,1,0,0,0,1
2,1.1102230246251565e-16,0.00,0,0,0,0,0,0,0,0,0,0,0,0,0,0,0,0,0,0,0,0,1,0,1,0
11,1.1102230246251565e-16,47400000.00,0,0,0,0,0,0,1,0,1,1,1,1,1,1,1,1,0,0,0,0,1,0,1,0
6,1.1102230246251565e-16,22600000.00,0,0,0,0,0,0,0,1,1,1,1,0,0,0,1,0,0,0,0,1,0,0,0,0
14,1.1102230246251565e-16,51720000.00,0,1,0,0,1,0,1,1,1,1,1,0,1,1,0,0,0,1,1,1,1,0,0,1
10,1.1102230246251565e-16,47400000.00,0,0,0,0,0,0,1,1,1,1,1,0,1,1,0,1,1,0,0,0,0,0,1,0
6,1.1102230246251565e-16,37200000.00,0,0,0,0,0,0,1,1,0,1,0,0,0,1,0,0,1,0,1,0,0,0,0,0
5,1.1102230246251565e-16,19200000.00,0,0,0,0,0,0,0,1,1,1,0,0,0,0,0,1,0,0,0,0,1,0,0,0
20,1.1102230246251565e-16,86440000.01,0,1,0,1,1,0,1,1,1,1,1,1,1,1,1,1,1,1,1,1,0,1,0,1
7,1.1102230246251565e-16,26000000.00,0,0,0,0,0,0,1,1,1,1,1,0,0,0,0,1,0,0,0,1,0,0,0,0
12,1.1102230246251565e-16,40280000.00,0,0,1,1,1,0,1,0,1,0,0,0,0,0,1,1,0,0,1,0,1,1,1,1
12,1.1102230246251565e-16,47400000.00,0,0,0,0,0,0,1,0,1,1,1,1,1,1,0,0,0,1,1,1,1,1,0,0
6,1.1102230246251565e-16,13600000.00,0,0,0,0,0,0,0,1,1,1,1,0,0,0,0,0,0,0,0,1,1,0,0,0
4,1.1102230246251565e-16,15800000.00,0,0,0,0,0,0,0,1,0,1,0,0,0,0,1,0,0,0,0,1,0,0,0,0
11,1.1102230246251565e-16,47400000.00,0,0,0,0,0,0,1,1,1,1,1,0,1,0,1,1,1,0,0,1,0,0,1,0
4,1.1102230246251565e-16,15800000.00,0,0,0,0,0,0,1,0,0,1,0,0,0,0,0,0,0,0,1,0,1,0,0,0
12,1.1102230246251565e-16,44000000.00,0,0,0,0,0,0,1,1,1,0,1,1,0,0,0,1,1,0,1,1,1,1,1,0
13,1.1102230246251565e-16,52960000.00,0,1,0,0,0,0,1,1,1,1,1,1,1,0,0,1,0,1,1,1,0,0,0,1
6,1.1102230246251565e-16,19200000.00,0,0,0,0,0,0,1,0,1,0,0,0,1,1,0,0,0,0,0,0,1,0,1,0
15,1.1102230246251565e-16,68480000.00,1,1,0,0,0,1,1,0,1,1,1,1,0,1,0,1,1,1,1,0,1,0,0,1
13,1.1102230246251565e-16,48320000.00,0,0,1,0,0,1,1,1,0,1,1,1,0,0,1,1,0,1,0,0,1,1,0,1
13,1.1102230246251565e-16,52640000.01,0,1,0,1,0,1,0,1,1,1,1,1,0,1,0,0,1,1,0,0,0,1,0,0
13,1.1102230246251565e-16,52680000.00,0,1,1,0,0,1,0,0,1,0,0,1,1,0,1,1,1,0,1,1,0,1,1,0
7,1.1102230246251565e-16,22600000.00,0,0,0,0,0,0,1,0,0,1,1,1,0,0,1,0,0,0,0,1,0,1,0,0
5,1.1102230246251565e-16,22600000.00,0,0,0,0,0,0,1,0,0,1,0,1,1,1,0,0,0,0,0,0,0,0,0,0
12,1.1102230246251565e-16,52960000.00,0,1,0,0,0,0,1,1,1,1,1,1,1,0,0,0,1,1,1,0,0,0,0,1
11,1.1102230246251565e-16,42800000.00,0,0,0,0,0,0,0,0,0,1,1,0,0,0,0,1,1,1,1,1,1,1,1,1
5,1.1102230246251565e-16,15800000.00,0,0,0,0,0,0,0,0,0,1,0,1,0,0,0,0,1,0,0,1,0,1,0,0
16,1.1102230246251565e-16,71880000.00,0,1,0,0,1,1,1,0,1,1,1,1,1,1,1,0,1,1,1,0,1,0,0,1
16,1.1102230246251565e-16,62880000.01,0,1,0,1,0,0,1,1,1,1,1,1,0,1,0,1,1,0,1,1,0,1,0,1
12,1.1102230246251565e-16,60760000.00,0,1,0,0,0,0,0,0,1,1,1,1,0,1,1,1,1,0,1,1,0,0,0,1
8,1.1102230246251565e-16,42480000.01,1,0,0,0,1,0,0,0,0,0,0,0,0,1,1,1,1,0,0,0,1,0,0,0
5,1.1102230246251565e-16,15800000.00,0,0,0,0,0,0,0,0,1,1,0,0,0,0,0,0,1,0,0,0,1,0,1,0
13,1.1102230246251565e-16,67560000.00,0,1,0,0,0,0,1,0,1,1,1,1,1,1,1,1,1,0,1,0,1,0,0,0
16,1.1102230246251565e-16,66280000.01,0,1,0,1,0,0,1,1,1,1,1,1,1,1,1,1,0,0,1,0,1,0,1,0
8,1.1102230246251565e-16,35000000.00,0,0,0,0,0,0,1,1,0,1,0,1,1,0,0,1,0,0,1,0,0,1,0,0
7,1.1102230246251565e-16,37200000.00,0,0,0,0,0,0,1,1,0,1,0,0,0,1,0,1,0,0,1,1,0,0,0,0
7,1.1102230246251565e-16,28200000.00,0,0,0,0,0,0,1,0,1,0,0,0,1,1,0,1,0,0,0,0,1,0,1,0
3,1.1102230246251565e-16,15800000.00,0,0,0,0,0,0,0,1,1,0,0,0,0,0,0,1,0,0,0,0,0,0,0,0
14,1.1102230246251565e-16,58560000.00,0,0,0,0,1,0,1,1,1,0,1,1,1,0,1,1,1,1,0,1,0,1,1,0
9,1.1102230246251565e-16,29400000.00,0,0,0,0,0,0,1,1,1,1,1,0,1,0,0,0,0,1,0,1,1,0,0,0
2,1.1102230246251565e-16,6800000.00,0,0,0,0,0,0,0,0,1,0,0,0,1,0,0,0,0,0,0,0,0,0,0,0
8,1.1102230246251565e-16,38400000.00,0,0,0,0,0,0,1,1,1,1,1,0,1,1,0,1,0,0,0,0,0,0,0,0
12,1.1102230246251565e-16,48320000.00,0,0,0,0,1,1,1,1,1,0,1,0,1,0,0,1,0,1,1,0,1,0,0,1
15,1.1102230246251565e-16,67560000.00,0,0,0,0,1,0,1,0,1,1,1,1,1,1,1,1,1,1,0,1,0,1,0,1
8,1.1102230246251565e-16,33800000.00,0,0,0,0,0,0,0,0,1,0,1,0,0,0,1,1,1,0,0,1,1,0,1,0
9,1.1102230246251565e-16,31600000.00,0,0,0,0,0,0,1,1,1,1,0,0,0,0,0,1,1,0,0,1,0,1,1,0
3,1.1102230246251565e-16,3400000.00,0,0,0,0,0,0,0,0,0,0,1,0,0,0,0,0,0,0,0,0,1,0,1,0
7,1.1102230246251565e-16,28200000.00,0,0,0,0,0,0,0,1,1,0,0,0,1,1,0,1,0,0,0,0,1,0,1,0
11,1.1102230246251565e-16,40280000.01,0,1,0,1,0,0,1,0,0,0,0,0,1,1,0,0,1,0,1,1,0,1,1,0
7,1.1102230246251565e-16,28200000.00,0,0,0,0,0,0,1,0,0,0,0,1,1,0,0,1,0,0,1,0,1,1,0,0
3,1.1102230246251565e-16,10200000.00,0,0,0,0,0,0,0,1,1,0,0,0,1,0,0,0,0,0,0,0,0,0,0,0
14,1.1102230246251565e-16,70640000.00,1,1,1,1,0,0,0,1,1,1,1,1,0,0,1,1,1,1,1,0,0,0,0,0
10,1.1102230246251565e-16,38400000.00,0,0,0,0,0,0,1,0,1,1,1,1,1,1,0,1,0,0,0,0,1,0,1,0
4,1.1102230246251565e-16,6800000.00,0,0,0,0,0,0,0,1,0,0,0,0,1,0,0,0,0,0,0,0,1,0,1,0
13,1.1102230246251565e-16,65400000.00,0,0,0,0,0,0,1,1,1,1,1,1,0,1,1,1,1,1,0,1,0,0,1,0
7,1.1102230246251565e-16,28200000.00,0,0,0,0,0,0,1,0,1,1,0,0,0,0,0,1,1,0,0,1,0,1,0,0
10,1.1102230246251565e-16,56400000.00,0,0,0,0,0,0,1,1,1,1,1,0,1,1,0,1,1,0,1,0,0,0,0,0
11,1.1102230246251565e-16,40280000.00,0,1,0,0,1,1,1,0,0,0,1,0,0,1,0,1,0,1,0,1,0,1,1,0
14,1.1102230246251565e-16,64160000.00,0,0,0,0,1,0,0,0,1,1,1,1,1,1,1,1,1,1,0,1,0,1,0,1
1,1.1102230246251565e-16,3400000.00,0,0,0,0,0,0,0,0,1,0,0,0,0,0,0,0,0,0,0,0,0,0,0,0
9,1.1102230246251565e-16,31600000.00,0,0,0,0,0,0,1,1,1,0,0,1,0,0,0,1,1,0,0,1,0,1,1,0
6,1.1102230246251565e-16,19200000.00,0,0,0,0,0,0,1,0,1,0,0,0,1,1,0,0,0,0,0,0,1,0,1,0
4,1.1102230246251565e-16,12400000.00,0,0,0,0,0,0,0,0,0,0,1,0,0,0,1,0,0,0,0,0,1,0,1,0
4,1.1102230246251565e-16,21400000.00,0,0,0,0,0,0,0,0,1,0,0,0,0,1,0,1,0,0,0,1,0,0,0,0
11,1.1102230246251565e-16,42760000.00,0,1,0,0,0,0,1,0,1,1,1,0,0,0,0,1,1,0,1,1,1,0,0,1
8,1.1102230246251565e-16,31600000.00,0,0,0,0,0,0,1,1,1,1,0,0,0,0,0,1,1,0,0,0,0,1,1,0
12,1.1102230246251565e-16,41520000.00,0,0,1,0,0,1,0,1,0,0,1,0,1,1,1,0,1,0,0,1,0,1,1,1
16,1.1102230246251565e-16,70960000.00,0,1,0,0,0,0,1,1,1,1,1,1,1,1,0,1,1,1,1,1,1,0,0,1
11,1.1102230246251565e-16,47400000.00,0,0,0,0,0,0,1,1,1,1,1,0,1,1,0,1,1,0,0,1,0,0,1,0
11,1.1102230246251565e-16,44000000.00,0,0,0,0,0,0,1,1,1,1,1,0,0,0,1,1,1,0,0,1,0,1,1,0
9,1.1102230246251565e-16,35000000.00,0,0,0,0,0,0,1,1,1,0,1,1,0,0,0,1,1,0,0,0,0,1,1,0
9,1.1102230246251565e-16,35000000.00,0,0,0,0,0,0,1,1,1,1,1,0,0,0,0,1,1,0,0,1,0,0,1,0
9,1.1102230246251565e-16,44000000.00,0,0,0,0,0,0,1,1,1,1,0,0,1,1,0,1,1,0,0,0,0,0,1,0
3,1.1102230246251565e-16,10200000.00,0,0,0,0,0,0,0,0,1,0,1,0,1,0,0,0,0,0,0,0,0,0,0,0
13,1.1102230246251565e-16,32480000.00,0,1,0,0,1,1,1,1,1,0,1,0,1,0,1,0,0,0,0,1,1,1,1,0
12,1.1102230246251565e-16,56400000.00,0,0,0,0,0,0,0,1,1,1,1,1,1,1,0,1,1,1,0,1,0,0,0,1
11,1.1102230246251565e-16,47400000.00,0,0,0,0,0,0,1,1,1,1,1,0,1,1,1,1,0,0,0,0,1,1,0,0
4,1.1102230246251565e-16,15800000.00,0,0,0,0,0,0,0,1,1,0,0,0,0,0,1,0,0,0,0,0,1,0,0,0
3,1.1102230246251565e-16,6800000.00,0,0,0,0,0,0,0,0,1,0,1,0,0,0,0,0,0,0,0,0,0,0,1,0
13,1.1102230246251565e-16,53920000.00,0,0,0,1,1,0,1,1,1,0,0,1,0,0,1,1,0,1,1,1,0,0,1,1
16,1.1102230246251565e-16,68480000.01,0,1,0,0,1,0,1,0,1,1,1,0,1,1,0,1,1,1,1,1,0,1,0,1
10,1.1102230246251565e-16,44000000.00,0,0,0,0,0,0,1,1,1,1,1,0,0,0,1,1,1,0,0,0,0,1,1,0
3,1.1102230246251565e-16,12400000.00,0,0,0,0,0,0,0,0,0,1,0,0,0,0,0,0,0,0,1,1,0,0,0,0
7,1.1102230246251565e-16,28200000.00,0,0,0,0,0,0,0,1,1,0,1,0,0,0,0,1,1,0,0,1,0,0,1,0
14,1.1102230246251565e-16,49240000.01,0,0,0,1,1,1,0,0,1,0,1,1,1,1,0,1,0,0,1,0,1,0,1,1
10,1.1102230246251565e-16,47400000.00,0,0,0,0,0,0,1,1,1,1,1,1,0,1,0,1,1,0,0,0,0,0,1,0
4,1.1102230246251565e-16,14560000.00,0,1,0,0,0,0,1,0,0,0,0,0,0,0,0,0,0,0,1,1,0,0,0,0
8,1.1102230246251565e-16,35000000.00,0,0,0,0,0,0,1,1,0,1,0,1,1,0,0,1,0,0,1,0,0,0,1,0
3,1.1102230246251565e-16,6800000.00,0,0,0,0,0,0,0,0,0,0,1,0,1,0,0,0,0,0,0,0,0,0,1,0
3,1.1102230246251565e-16,6800000.00,0,0,0,0,0,0,0,0,0,0,1,0,1,0,0,0,0,0,0,0,1,0,0,0
12,1.1102230246251565e-16,42760000.00,0,1,0,0,0,0,1,0,1,1,1,0,0,1,0,1,1,0,0,1,1,0,1,1
15,1.1102230246251565e-16,52640000.00,1,0,1,1,1,0,1,1,1,1,1,0,0,0,1,1,0,0,1,0,1,1,0,1
12,1.1102230246251565e-16,43680000.01,0,0,0,1,0,1,1,0,1,0,0,1,0,1,1,0,0,1,0,1,1,1,0,0
12,1.1102230246251565e-16,51760000.00,0,1,0,0,0,0,1,0,1,0,1,1,0,1,0,1,1,1,0,1,1,0,0,1
10,1.1102230246251565e-16,35000000.00,0,0,0,0,0,0,1,1,1,0,0,1,1,1,0,1,0,0,0,0,1,1,1,0
8,1.1102230246251565e-16,29400000.00,0,0,0,0,0,0,1,1,1,1,1,0,1,0,1,0,0,0,0,0,0,0,1,0
6,1.1102230246251565e-16,28200000.00,0,0,0,0,0,0,0,1,1,0,0,0,1,1,0,1,0,0,0,0,1,0,0,0
11,1.1102230246251565e-16,47400000.00,0,0,0,0,0,0,1,1,1,1,1,0,1,1,0,1,1,0,0,0,0,1,1,0
9,1.1102230246251565e-16,35000000.00,0,0,0,0,0,0,1,1,1,1,1,0,0,0,0,1,1,0,0,1,0,0,1,0
4,1.1102230246251565e-16,19200000.00,0,0,0,0,0,0,0,1,1,1,0,0,0,0,0,0,0,1,0,0,0,0,0,0
11,1.1102230246251565e-16,53000000.00,0,0,0,0,0,0,1,1,1,1,1,0,0,1,1,1,1,0,0,1,0,0,1,0
13,1.1102230246251565e-16,53000000.00,0,0,0,0,0,0,1,1,1,1,1,0,0,0,0,1,1,1,1,1,0,1,1,1
8,1.1102230246251565e-16,17000000.00,0,0,0,0,0,0,1,1,1,0,1,0,1,0,0,0,0,0,0,1,0,1,1,0
10,1.1102230246251565e-16,44000000.00,0,0,0,0,0,0,1,1,1,0,1,0,1,1,0,1,1,0,0,1,0,0,1,0
4,1.1102230246251565e-16,19200000.00,0,0,0,0,0,0,0,1,1,0,0,0,1,1,0,0,0,0,0,0,0,0,0,0
8,1.1102230246251565e-16,33800000.00,0,0,0,0,0,0,0,0,0,0,0,1,1,1,0,1,0,0,1,0,1,1,1,0
18,1.1102230246251565e-16,82120000.00,0,0,0,1,1,0,1,1,1,1,1,1,1,1,1,1,1,1,1,1,0,1,0,1
13,1.1102230246251565e-16,55160000.00,0,1,0,0,0,0,1,0,1,0,1,1,1,1,0,1,1,0,1,1,1,0,0,1
13,1.1102230246251565e-16,59800000.00,0,0,0,0,0,0,1,1,1,1,1,1,1,1,0,1,1,1,0,0,0,1,1,0
17,1.1102230246251565e-16,68440000.01,0,1,0,1,1,0,1,1,1,1,1,1,1,1,1,1,1,0,0,1,0,1,0,0
4,1.1102230246251565e-16,21400000.00,0,0,0,0,0,0,0,0,0,1,0,0,0,0,0,1,1,0,0,0,1,0,0,0
8,1.1102230246251565e-16,31600000.00,0,0,0,0,0,0,1,0,1,1,0,0,1,1,0,1,0,0,0,0,1,0,1,0
5,1.1102230246251565e-16,19200000.00,0,0,0,0,0,0,0,1,1,0,0,0,1,0,0,1,0,0,0,0,1,0,0,0
8,1.1102230246251565e-16,38400000.00,0,0,0,0,0,0,1,1,1,1,1,0,1,0,0,1,1,0,0,0,0,0,0,0
15,1.1102230246251565e-16,69720000.01,0,1,0,0,0,0,1,1,1,1,1,1,0,1,1,1,1,1,0,1,0,0,1,0
8,1.1102230246251565e-16,31600000.00,0,0,0,0,0,0,0,1,1,1,0,0,1,1,0,1,0,0,0,0,1,0,1,0
12,1.1102230246251565e-16,65400000.00,0,0,0,0,0,0,1,1,1,1,1,0,1,1,0,1,1,1,1,1,0,0,0,0
13,1.1102230246251565e-16,60760000.00,0,1,0,0,0,0,1,0,1,1,0,1,0,1,0,1,1,1,1,1,1,0,0,1
9,1.1102230246251565e-16,44000000.00,0,0,0,0,0,0,1,1,1,0,1,0,1,1,0,1,1,0,0,0,0,0,1,0
13,1.1102230246251565e-16,67240000.00,0,1,0,1,1,1,1,1,1,1,0,0,0,1,1,1,1,0,1,0,0,0,0,0
5,1.1102230246251565e-16,19200000.00,0,0,0,0,0,0,0,1,1,0,1,0,0,0,1,0,0,0,0,0,1,0,0,0
12,1.1102230246251565e-16,53000000.00,0,0,0,0,0,0,1,1,1,1,1,0,0,1,1,1,1,0,0,1,0,1,1,0
10,1.1102230246251565e-16,44000000.00,0,0,0,0,0,0,1,1,1,1,0,1,0,0,0,1,1,1,0,1,0,0,1,0
10,1.1102230246251565e-16,44000000.00,0,0,0,0,0,0,0,1,1,1,1,1,0,1,0,1,0,1,0,0,0,1,1,0
2,1.1102230246251565e-16,0.00,0,0,0,0,0,0,0,0,0,0,0,0,0,0,0,0,0,0,0,1,0,1,0,0
8,1.1102230246251565e-16,40600000.00,0,0,0,0,0,0,1,1,1,0,0,0,1,1,0,1,1,0,0,0,1,0,0,0
9,1.1102230246251565e-16,31600000.00,0,0,0,0,0,0,0,1,1,1,0,0,1,1,0,1,0,0,0,1,1,0,1,0
7,1.1102230246251565e-16,28200000.00,0,0,0,0,0,0,0,1,0,0,1,0,1,1,0,0,1,0,0,0,1,0,1,0
6,1.1102230246251565e-16,19200000.00,0,0,0,0,0,0,0,1,0,1,0,0,1,0,0,1,0,0,0,0,0,1,1,0
6,1.1102230246251565e-16,31600000.00,0,0,0,0,0,0,1,1,1,0,0,0,1,1,0,1,0,0,0,0,0,0,0,0
7,1.1102230246251565e-16,22600000.00,0,0,0,0,0,0,1,1,1,0,0,1,0,0,0,1,0,0,0,0,0,1,1,0
9,1.1102230246251565e-16,44000000.00,0,0,0,0,0,0,1,1,1,1,0,1,0,0,0,1,1,1,0,0,0,0,1,0
8,1.1102230246251565e-16,37200000.00,0,0,0,0,0,0,1,0,1,0,1,0,0,1,1,0,1,0,0,1,0,1,0,0
7,1.1102230246251565e-16,28200000.00,0,0,0,0,0,0,0,1,1,0,0,0,1,1,0,1,0,0,0,0,1,0,1,0
8,1.1102230246251565e-16,31600000.00,0,0,0,0,0,0,1,1,1,1,0,0,0,0,0,1,1,0,0,1,0,0,1,0
11,1.1102230246251565e-16,31280000.00,1,1,0,0,0,1,0,0,1,1,0,0,0,1,0,0,0,0,1,0,1,1,1,1
13,1.1102230246251565e-16,49280000.00,1,1,0,0,0,1,0,1,0,1,0,0,0,1,1,1,0,1,0,0,1,1,1,1
11,1.1102230246251565e-16,53000000.00,0,0,0,0,0,0,1,1,1,1,1,0,0,1,1,1,1,0,0,0,0,1,1,0
14,1.1102230246251565e-16,57320000.00,0,0,0,1,1,0,1,0,1,1,1,1,0,0,1,1,0,1,1,1,0,1,0,1
11,1.1102230246251565e-16,53000000.00,0,0,0,0,0,0,1,0,1,0,1,1,1,1,0,1,1,0,1,0,1,1,0,0
9,1.1102230246251565e-16,28200000.00,0,0,0,0,0,0,0,1,1,1,0,0,0,0,0,1,1,0,0,1,1,1,1,0
9,1.1102230246251565e-16,37200000.00,0,0,0,0,0,0,0,0,0,0,1,1,1,0,0,1,1,0,1,1,1,1,0,0
4,1.1102230246251565e-16,3400000.00,0,0,0,0,0,0,0,0,0,0,1,0,0,0,0,0,0,0,0,1,1,0,1,0
5,1.1102230246251565e-16,15800000.00,0,0,0,0,0,0,0,1,0,1,0,0,0,0,0,1,0,0,0,1,0,0,1,0
11,1.1102230246251565e-16,47400000.00,0,0,0,0,0,0,1,1,1,1,1,0,1,1,0,1,1,0,0,1,0,0,1,0
6,1.1102230246251565e-16,19200000.00,0,0,0,0,0,0,0,1,1,1,0,0,0,0,1,0,0,0,0,1,1,0,0,0
13,1.1102230246251565e-16,52680000.00,1,0,1,0,0,1,0,1,1,0,0,0,1,1,1,0,0,1,1,0,0,1,1,1
9,1.1102230246251565e-16,31600000.00,0,0,0,0,0,0,0,1,1,0,1,0,1,1,0,1,0,0,0,1,1,0,1,0
9,1.1102230246251565e-16,44000000.00,0,0,0,0,0,0,1,1,1,1,0,0,1,1,0,1,1,0,0,0,0,0,1,0
7,1.1102230246251565e-16,24800000.00,0,0,0,0,0,0,1,0,0,1,0,0,0,0,0,1,1,0,0,1,1,0,1,0
13,1.1102230246251565e-16,50160000.01,1,1,1,1,0,1,1,0,0,1,0,0,1,1,0,0,0,1,1,0,0,0,1,0
8,1.1102230246251565e-16,35000000.00,0,0,0,0,0,0,0,1,1,0,1,1,1,1,0,1,0,0,0,0,1,0,0,0
15,1.1102230246251565e-16,70960000.00,0,0,0,1,0,0,1,1,1,1,1,1,1,1,1,1,1,0,1,1,0,0,0,1
10,1.1102230246251565e-16,44000000.00,0,0,0,0,0,0,1,1,1,1,1,0,0,1,0,1,1,0,0,0,0,1,1,0
8,1.1102230246251565e-16,35000000.00,0,0,0,0,0,0,1,1,1,0,1,0,1,1,0,1,0,0,0,0,0,0,1,0
6,1.1102230246251565e-16,10200000.00,0,0,0,0,0,0,0,1,1,0,1,0,0,0,0,0,0,0,0,1,0,1,1,0
3,1.1102230246251565e-16,3400000.00,0,0,0,0,0,0,0,0,0,0,1,0,0,0,0,0,0,0,0,1,0,1,0,0
8,1.1102230246251565e-16,38400000.00,0,0,0,0,0,0,1,1,1,1,0,1,1,0,0,1,0,0,1,0,0,0,0,0
7,1.1102230246251565e-16,30400000.00,0,0,0,0,0,0,0,0,0,0,0,0,1,0,0,1,1,0,1,1,1,1,0,0
10,1.1102230246251565e-16,27880000.01,0,0,0,1,0,1,0,0,0,1,0,0,0,0,1,0,0,0,1,1,1,1,0,1
11,1.1102230246251565e-16,46160000.00,0,0,0,0,1,0,1,1,0,1,0,1,1,0,0,1,0,1,1,0,0,1,1,0
11,1.1102230246251565e-16,38400000.00,0,0,0,0,0,0,1,1,1,0,1,1,1,0,0,1,1,0,0,1,0,1,1,0
10,1.1102230246251565e-16,40600000.00,0,0,0,0,0,0,0,1,1,1,0,0,1,1,0,1,1,0,0,1,1,0,1,0
5,1.1102230246251565e-16,15800000.00,0,0,0,0,0,0,0,0,0,1,0,0,1,0,0,1,0,0,0,1,0,1,0,0
5,1.1102230246251565e-16,19200000.00,0,0,0,0,0,0,0,1,1,0,0,0,1,0,0,1,0,0,0,0,1,0,0,0
5,1.1102230246251565e-16,24800000.00,0,0,0,0,0,0,0,1,0,0,0,0,1,1,0,0,1,0,0,0,1,0,0,0
6,1.1102230246251565e-16,13600000.00,0,0,0,0,0,0,1,1,0,1,0,1,0,0,0,0,0,0,0,0,1,0,1,0
10,1.1102230246251565e-16,30040000.01,0,1,1,0,1,0,0,1,0,0,0,0,0,0,0,0,0,1,1,1,0,0,1,1
10,1.1102230246251565e-16,44000000.00,0,0,0,0,0,0,1,1,1,0,1,1,0,1,0,0,1,1,0,0,0,1,1,0
10,1.1102230246251565e-16,44920000.00,0,0,0,1,1,0,1,1,0,0,1,1,0,1,0,0,1,0,1,0,0,1,0,0
6,1.1102230246251565e-16,19200000.00,0,0,0,0,0,0,0,1,1,0,1,0,0,0,1,0,0,0,0,0,1,0,1,0
9,1.1102230246251565e-16,35000000.00,0,0,0,0,0,0,0,1,1,1,1,0,1,0,0,1,0,0,1,1,0,0,1,0
14,1.1102230246251565e-16,46120000.00,0,0,0,1,1,0,1,1,1,1,1,1,1,1,0,0,1,0,0,1,0,1,0,1
11,1.1102230246251565e-16,49600000.00,0,0,0,0,0,0,0,1,1,1,1,0,0,0,1,1,0,1,1,1,1,0,1,0
11,1.1102230246251565e-16,32520000.01,0,0,1,0,0,0,1,1,0,0,0,1,0,1,0,0,1,0,0,1,1,0,1,1
8,1.1102230246251565e-16,35000000.00,0,0,0,0,0,0,1,1,1,1,0,0,1,1,0,1,0,0,0,0,0,0,1,0
8,1.1102230246251565e-16,28200000.00,0,0,0,0,0,0,0,1,1,0,1,0,0,0,1,0,0,1,0,1,0,1,1,0
9,1.1102230246251565e-16,26960000.01,0,0,0,0,0,0,0,1,0,0,1,0,0,0,1,0,0,1,0,1,1,1,0,1
9,1.1102230246251565e-16,40280000.00,1,0,1,0,1,0,1,0,0,0,0,1,0,1,0,1,0,1,0,0,0,0,1,0
10,1.1102230246251565e-16,38400000.00,0,0,0,0,0,0,1,1,1,0,1,1,1,1,0,1,0,0,0,1,1,0,0,0
3,1.1102230246251565e-16,12400000.00,0,0,0,0,0,0,0,0,0,0,0,0,1,0,0,1,0,0,0,1,0,0,0,0
10,1.1102230246251565e-16,38120000.00,1,0,1,0,0,0,0,0,1,1,0,0,0,0,1,0,0,1,1,0,1,1,1,0
7,1.1102230246251565e-16,26960000.00,0,0,0,1,0,0,1,0,0,1,0,0,0,0,0,1,1,0,0,1,1,0,0,0
14,1.1102230246251565e-16,50480000.00,0,1,0,1,0,1,1,1,0,1,1,1,0,1,0,1,1,0,0,1,0,1,1,0
11,1.1102230246251565e-16,39320000.01,0,0,0,0,0,1,1,1,0,1,0,1,1,1,0,0,0,0,1,1,0,0,1,0
10,1.1102230246251565e-16,44000000.00,0,0,0,0,0,0,0,1,1,1,1,0,1,0,0,1,1,0,1,1,0,0,1,0
16,1.1102230246251565e-16,64120000.00,0,0,0,1,1,0,1,1,1,1,1,1,1,1,0,1,1,0,1,1,0,1,0,1
9,1.1102230246251565e-16,35000000.00,0,0,0,0,0,0,0,1,0,1,1,1,1,1,0,1,0,0,0,1,1,0,0,0
8,1.1102230246251565e-16,31600000.00,0,0,0,0,0,0,0,1,1,0,1,1,0,0,0,1,1,0,0,0,0,1,1,0
16,1.1102230246251565e-16,69720000.00,0,0,0,1,1,0,1,1,1,1,1,1,0,1,1,0,1,1,1,1,0,1,0,1
15,1.1102230246251565e-16,68800000.00,0,0,0,0,0,0,1,1,1,1,1,1,1,1,1,1,1,0,1,1,0,0,1,1
2,1.1102230246251565e-16,3400000.00,0,0,0,0,0,0,0,0,1,0,0,0,0,0,0,0,0,0,0,0,0,0,1,0
9,1.1102230246251565e-16,35000000.00,0,0,0,0,0,0,1,1,1,1,0,0,1,1,0,0,1,0,0,0,1,0,1,0
7,1.1102230246251565e-16,28200000.00,0,0,0,0,0,0,0,1,1,0,1,0,0,0,0,1,1,0,0,1,0,1,0,0
6,1.1102230246251565e-16,22600000.00,0,0,0,0,0,0,1,1,0,1,0,1,0,0,0,1,0,0,0,0,0,0,1,0
6,1.1102230246251565e-16,10200000.00,0,0,0,0,0,0,1,0,0,0,1,1,0,0,0,0,0,0,0,1,0,1,1,0
4,1.1102230246251565e-16,10200000.00,0,0,0,0,0,0,0,0,1,0,1,0,1,0,0,0,0,0,0,0,0,1,0,0
17,1.1102230246251565e-16,82120000.00,0,0,0,1,1,0,1,1,1,1,1,1,1,1,1,1,1,1,1,1,0,0,0,1
16,1.1102230246251565e-16,70960000.00,0,0,0,1,0,0,1,1,1,1,1,1,1,1,1,1,1,0,1,1,0,1,0,1
2,1.1102230246251565e-16,3400000.00,0,0,0,0,0,0,0,0,1,0,0,0,0,0,0,0,0,0,0,0,0,1,0,0
5,1.1102230246251565e-16,10200000.00,0,0,0,0,0,0,0,0,0,0,1,1,1,0,0,0,0,0,0,0,0,1,1,0
8,1.1102230246251565e-16,28200000.00,0,0,0,0,0,0,0,0,1,0,1,1,0,1,0,1,0,0,0,1,1,0,1,0
12,1.1102230246251565e-16,53000000.00,0,0,0,0,0,0,0,1,1,1,1,0,1,1,0,1,1,1,0,1,0,1,1,0
18,1.1102230246251565e-16,82120000.00,0,0,0,1,1,0,1,1,1,1,1,1,1,1,1,1,1,1,1,1,1,1,0,0
14,1.1102230246251565e-16,65400000.00,0,0,0,0,0,0,1,0,1,1,1,1,1,1,1,1,1,0,1,1,0,0,1,1
10,1.1102230246251565e-16,48040000.01,0,1,1,1,0,0,0,0,1,0,0,0,0,0,1,1,0,1,1,1,0,0,0,0
7,1.1102230246251565e-16,31600000.00,0,0,0,0,0,0,0,1,1,0,1,0,1,0,0,1,1,0,0,0,0,0,1,0
8,1.1102230246251565e-16,31600000.00,0,0,0,0,0,0,1,1,0,1,0,1,0,1,1,0,0,0,0,0,1,0,0,1
14,1.1102230246251565e-16,70960000.00,0,0,0,0,1,0,1,1,1,1,1,1,1,1,1,1,1,1,0,0,0,1,0,0
8,1.1102230246251565e-16,33800000.00,0,0,0,0,0,0,0,1,0,0,1,0,0,0,1,0,1,1,0,1,0,1,1,0
8,1.1102230246251565e-16,30040000.00,0,1,1,1,1,0,1,0,0,0,0,0,0,0,0,1,0,1,0,0,0,0,1,0
7,1.1102230246251565e-16,24800000.00,0,0,0,0,0,0,1,0,0,0,0,1,0,0,0,1,0,0,1,1,1,1,0,0
11,1.1102230246251565e-16,44000000.00,0,0,0,0,0,0,1,1,0,1,1,0,1,0,1,0,1,0,1,1,0,0,1,1
7,1.1102230246251565e-16,22600000.00,0,0,0,0,0,0,1,1,1,0,1,0,0,0,1,0,0,0,0,0,0,1,1,0
9,1.1102230246251565e-16,35000000.00,0,0,0,0,0,0,0,1,0,1,1,1,1,1,0,1,0,0,0,1,0,0,0,1
7,1.1102230246251565e-16,13600000.00,0,0,0,0,0,0,1,1,0,0,1,1,0,0,0,0,0,0,0,1,0,1,1,0
7,1.1102230246251565e-16,13600000.00,0,0,0,0,0,0,0,0,1,1,1,1,0,0,0,0,0,0,0,1,1,0,1,0
5,1.1102230246251565e-16,15800000.00,0,0,0,0,0,0,0,0,1,1,0,0,0,0,0,0,0,0,1,1,0,0,1,0
15,1.1102230246251565e-16,64120000.00,0,0,0,1,1,0,1,1,1,1,1,1,1,0,0,1,1,1,1,1,0,0,1,0
17,1.1102230246251565e-16,70960000.00,0,0,0,1,0,0,1,1,1,1,1,1,1,1,0,1,1,1,1,1,0,1,1,1
7,1.1102230246251565e-16,19200000.00,0,0,0,0,0,0,1,0,1,1,0,0,0,0,0,1,0,0,0,1,1,0,1,0
7,1.1102230246251565e-16,19200000.00,0,0,0,0,0,0,0,1,1,0,1,0,0,0,1,0,0,0,0,1,0,1,1,0
15,1.1102230246251565e-16,68800000.00,0,0,0,0,0,0,1,1,1,1,1,1,1,1,0,1,1,1,1,0,0,1,1,1
3,1.1102230246251565e-16,9000000.00,0,0,0,0,0,0,0,0,0,0,0,0,0,0,0,0,0,1,0,1,0,1,0,0
11,1.1102230246251565e-16,44000000.00,0,0,0,0,0,0,0,1,1,1,1,0,1,1,0,0,1,1,0,1,0,1,1,0
9,1.1102230246251565e-16,35960000.00,0,0,0,1,0,0,1,0,0,0,0,1,0,0,1,1,0,0,1,1,1,1,0,0
11,1.1102230246251565e-16,40560000.00,0,0,0,0,1,0,1,1,1,1,1,0,1,1,0,1,0,0,0,1,0,0,1,0
11,1.1102230246251565e-16,41800000.00,0,0,0,0,0,0,1,1,1,1,1,1,1,1,0,1,0,0,0,1,1,0,0,0
8,1.1102230246251565e-16,31600000.00,0,0,0,0,0,0,0,1,0,0,1,1,1,1,0,1,0,0,0,1,1,0,0,0
6,1.1102230246251565e-16,10200000.00,0,0,0,0,0,0,0,0,1,1,1,0,0,0,0,0,0,0,0,1,1,0,1,0
17,1.1102230246251565e-16,73120000.00,0,0,0,1,1,0,1,1,1,1,1,1,1,0,1,1,1,1,1,1,1,1,0,0
12,1.1102230246251565e-16,36840000.01,1,0,0,0,1,1,1,1,0,1,0,0,0,1,0,0,0,0,1,0,1,1,0,1
9,1.1102230246251565e-16,26000000.00,0,0,0,0,0,0,1,0,1,1,0,1,1,0,0,1,0,0,0,1,1,0,1,0
4,1.1102230246251565e-16,18000000.00,0,0,0,0,0,0,0,0,0,0,0,0,0,0,0,1,0,1,0,1,0,1,0,0
15,1.1102230246251565e-16,70960000.00,0,0,0,0,1,0,1,1,1,1,1,1,1,1,0,1,1,1,1,1,0,0,0,1
16,1.1102230246251565e-16,54840000.01,0,1,1,1,0,0,1,0,1,1,0,0,0,1,1,0,0,1,1,1,1,1,1,1
6,1.1102230246251565e-16,10200000.00,0,0,0,0,0,0,0,0,1,0,1,1,0,0,0,0,0,0,0,1,1,0,1,0
7,1.1102230246251565e-16,17000000.00,0,0,0,0,0,0,1,0,1,0,1,1,1,0,0,0,0,0,0,0,0,1,1,0
2,1.1102230246251565e-16,3400000.00,0,0,0,0,0,0,0,0,0,0,0,1,0,0,0,0,0,0,0,1,0,0,0,0
9,1.1102230246251565e-16,40600000.00,0,0,0,0,0,0,0,1,1,0,1,1,0,1,0,1,1,0,0,0,0,1,1,0
5,1.1102230246251565e-16,21400000.00,0,0,0,0,0,0,0,0,0,1,0,0,0,0,0,1,1,0,0,1,0,0,1,0
8,1.1102230246251565e-16,31600000.00,0,0,0,0,0,0,1,1,1,0,1,0,0,1,0,1,0,0,0,1,1,0,0,0
9,1.1102230246251565e-16,31600000.00,0,0,0,0,0,0,0,1,0,1,1,1,0,0,0,1,1,0,0,0,1,1,1,0
6,1.1102230246251565e-16,19200000.00,0,0,0,0,0,0,0,0,0,0,1,1,1,1,0,0,0,0,0,1,0,0,0,1
6,1.1102230246251565e-16,24800000.00,0,0,0,0,0,0,1,0,1,0,0,0,0,0,0,1,1,0,0,1,0,0,1,0
11,1.1102230246251565e-16,36840000.00,1,0,0,1,1,1,0,1,1,1,0,0,0,1,0,0,1,0,0,0,0,1,1,0
4,1.1102230246251565e-16,18000000.00,0,0,0,0,0,0,0,0,0,0,0,0,0,1,0,1,0,0,0,1,0,0,0,1
12,1.1102230246251565e-16,44000000.00,0,0,0,0,0,0,1,1,0,1,1,1,0,0,1,0,1,0,1,1,1,0,1,1
7,1.1102230246251565e-16,17000000.00,0,0,0,0,0,0,0,1,0,1,1,1,1,0,0,0,0,0,0,1,0,1,0,0
10,1.1102230246251565e-16,36840000.00,1,1,0,1,1,0,0,0,1,1,1,0,0,0,0,1,0,1,0,1,0,0,0,0
12,1.1102230246251565e-16,56400000.00,0,0,0,0,0,0,1,1,1,1,1,0,1,1,1,1,1,0,0,0,0,1,1,0
7,1.1102230246251565e-16,17000000.00,0,0,0,0,0,0,0,1,1,0,1,1,1,0,0,0,0,0,0,0,0,1,1,0
7,1.1102230246251565e-16,12360000.00,0,0,0,0,1,0,0,1,1,0,0,0,1,0,0,0,0,0,0,1,1,0,1,0
9,1.1102230246251565e-16,44000000.00,0,0,0,0,0,0,0,1,1,1,0,1,1,1,0,0,1,1,0,0,0,1,0,0
5,1.1102230246251565e-16,6800000.00,0,0,0,0,0,0,0,0,0,1,1,0,0,0,0,0,0,0,0,1,1,0,1,0
3,1.1102230246251565e-16,6800000.00,0,0,0,0,0,0,0,0,0,1,0,1,0,0,0,0,0,0,0,1,0,0,0,0
7,1.1102230246251565e-16,40600000.00,0,0,0,0,0,0,1,1,1,0,0,0,1,1,0,1,1,0,0,0,0,0,0,0
11,1.1102230246251565e-16,35000000.00,0,0,0,0,0,0,1,1,0,1,1,1,0,0,0,0,1,0,1,1,1,0,1,1
8,1.1102230246251565e-16,31600000.00,0,0,0,0,0,0,1,0,0,0,1,1,1,1,0,1,0,0,0,1,1,0,0,0
13,1.1102230246251565e-16,73160000.00,0,0,0,1,0,0,1,0,1,1,1,1,0,1,1,1,1,1,1,0,0,1,0,0
5,1.1102230246251565e-16,15800000.00,0,0,0,0,0,0,0,0,1,0,1,0,0,0,0,0,1,0,0,0,0,1,1,0
7,1.1102230246251565e-16,24800000.00,0,0,0,0,0,0,1,0,0,0,1,0,0,0,0,1,0,1,0,1,0,1,1,0
6,1.1102230246251565e-16,13600000.00,0,0,0,0,0,0,0,0,1,0,1,1,1,0,0,0,0,0,0,0,0,1,1,0
15,1.1102230246251565e-16,49240000.01,0,1,0,1,1,0,0,1,1,1,0,0,1,1,0,1,0,0,1,1,1,1,1,0
7,1.1102230246251565e-16,17000000.00,0,0,0,0,0,0,1,0,1,0,1,1,1,0,0,0,0,0,0,0,0,1,1,0
4,1.1102230246251565e-16,15800000.00,0,0,0,0,0,0,1,0,1,0,0,0,0,0,0,1,0,0,0,1,0,0,0,0
8,1.1102230246251565e-16,31600000.00,0,0,0,0,0,0,1,1,0,1,1,0,0,1,1,0,0,0,0,0,0,0,1,1
8,1.1102230246251565e-16,28200000.00,0,0,0,0,0,0,0,0,0,0,1,1,1,1,0,1,0,0,0,1,1,0,1,0
7,1.1102230246251565e-16,19200000.00,0,0,0,0,0,0,0,0,0,1,0,1,1,0,0,1,0,0,0,1,1,0,1,0
8,1.1102230246251565e-16,23520000.00,0,0,0,1,0,1,0,1,1,0,0,1,0,1,0,0,0,0,0,1,0,0,1,0
3,1.1102230246251565e-16,9000000.00,0,0,0,0,0,0,0,0,0,0,0,0,0,0,0,0,1,0,0,1,0,0,1,0
12,1.1102230246251565e-16,47400000.00,0,0,0,0,0,0,1,1,1,1,0,1,1,0,0,1,1,0,1,1,1,0,1,0
7,1.1102230246251565e-16,17000000.00,0,0,0,0,0,0,1,1,1,1,1,0,0,0,0,0,0,0,0,1,1,0,0,0
7,1.1102230246251565e-16,28200000.00,0,0,0,0,0,0,1,1,1,0,0,0,0,0,0,1,1,0,0,1,0,0,1,0
3,1.1102230246251565e-16,0.00,0,0,0,0,0,0,0,0,0,0,0,0,0,0,0,0,0,0,0,1,1,0,1,0
11,1.1102230246251565e-16,23520000.00,0,1,0,0,1,0,1,0,1,0,0,1,0,0,0,0,0,0,1,1,1,1,1,1
12,1.1102230246251565e-16,69760000.00,0,0,0,1,0,0,1,0,1,1,1,0,0,1,1,1,1,1,1,0,0,1,0,0
15,1.1102230246251565e-16,65400000.00,0,0,0,0,0,0,1,0,1,1,1,1,1,1,1,1,0,1,1,1,1,1,1,0
6,1.1102230246251565e-16,19200000.00,0,0,0,0,0,0,0,0,0,1,0,1,1,0,0,1,0,0,0,1,0,0,1,0
5,1.1102230246251565e-16,6800000.00,0,0,0,0,0,0,0,0,0,0,1,1,0,0,0,0,0,0,0,0,1,1,1,0
6,1.1102230246251565e-16,17000000.00,0,0,0,0,0,0,0,1,1,1,1,1,0,0,0,0,0,0,0,0,0,0,1,0
10,1.1102230246251565e-16,34680000.00,0,1,1,0,0,1,1,0,0,1,1,0,0,0,1,1,0,0,0,1,0,1,0,0
10,1.1102230246251565e-16,41800000.00,0,0,0,0,0,0,1,1,1,1,1,1,1,1,0,1,0,0,0,1,0,0,0,0
8,1.1102230246251565e-16,22600000.00,0,0,0,0,0,0,0,0,1,1,1,1,0,0,0,1,0,0,0,1,1,0,1,0
7,1.1102230246251565e-16,28200000.00,0,0,0,0,0,0,1,0,1,0,1,0,0,0,0,1,1,0,0,1,0,0,1,0
13,1.1102230246251565e-16,54840000.01,0,1,0,0,1,1,1,0,0,1,0,1,0,1,0,0,1,1,1,1,0,0,0,1
8,1.1102230246251565e-16,44000000.00,0,0,0,0,0,0,1,1,1,0,0,1,1,1,0,1,1,0,0,0,0,0,0,0
7,1.1102230246251565e-16,25720000.00,0,0,1,0,1,0,0,0,0,1,0,0,0,0,0,0,1,1,0,1,1,0,0,0
12,1.1102230246251565e-16,47400000.00,0,0,0,0,0,0,1,1,1,1,1,0,1,1,0,1,1,0,0,0,1,1,1,0
6,1.1102230246251565e-16,13600000.00,0,0,0,0,0,0,0,0,1,0,1,1,1,0,0,0,0,0,0,1,0,0,1,0
13,1.1102230246251565e-16,53000000.00,0,0,0,0,0,0,1,0,1,1,1,0,1,1,0,1,1,1,0,1,1,1,1,0
16,1.1102230246251565e-16,75320000.00,0,0,0,1,1,0,1,1,1,1,0,0,1,1,1,1,1,1,1,0,0,1,1,1
9,1.1102230246251565e-16,41520000.00,0,0,0,1,0,1,1,0,0,1,1,0,0,0,1,0,0,1,1,0,1,0,0,0
10,1.1102230246251565e-16,44000000.00,0,0,0,0,0,0,1,1,0,1,1,0,1,1,0,0,1,1,0,0,0,1,0,1
10,1.1102230246251565e-16,34680000.00,0,1,1,0,0,1,0,0,1,1,0,1,0,0,1,0,0,1,0,1,0,1,0,0
18,1.1102230246251565e-16,58200000.00,1,1,1,1,1,0,1,1,1,1,1,1,0,1,0,1,1,0,0,0,1,1,1,1
15,1.1102230246251565e-16,76560000.00,0,0,0,0,1,0,1,1,1,1,0,1,1,1,1,1,1,1,1,1,1,0,0,0
12,1.1102230246251565e-16,56400000.00,0,0,0,0,0,0,1,1,1,1,0,1,1,1,0,1,1,1,0,0,0,1,1,0
10,1.1102230246251565e-16,47400000.00,0,0,0,0,0,0,0,1,1,1,1,1,1,1,0,0,1,1,0,0,0,1,0,0
5,1.1102230246251565e-16,12400000.00,0,0,0,0,0,0,0,0,1,0,0,0,0,1,0,0,0,0,0,1,1,0,1,0
8,1.1102230246251565e-16,35000000.00,0,0,0,0,0,0,1,1,1,0,0,1,1,1,0,1,0,0,0,0,1,0,0,0
9,1.1102230246251565e-16,49600000.00,0,0,0,0,0,0,1,0,1,0,1,1,0,1,0,1,1,0,1,0,0,1,0,0
3,1.1102230246251565e-16,6800000.00,0,0,0,0,0,0,0,1,0,0,1,0,0,0,0,0,0,0,0,0,0,0,1,0
8,1.1102230246251565e-16,31600000.00,0,0,0,0,0,0,1,0,1,0,1,1,0,1,0,0,1,0,0,1,0,0,1,0
5,1.1102230246251565e-16,15800000.00,0,0,0,0,0,0,1,0,1,0,0,0,0,0,0,0,1,0,0,1,0,0,1,0
9,1.1102230246251565e-16,31600000.00,0,0,0,0,0,0,1,1,0,1,1,0,0,0,1,0,0,0,1,0,1,0,1,1
12,1.1102230246251565e-16,53000000.00,0,0,0,0,0,0,1,1,1,1,1,0,0,1,0,1,1,1,0,1,0,1,1,0
15,1.1102230246251565e-16,52640000.01,1,0,1,1,0,0,1,1,0,1,1,1,0,1,0,0,1,0,1,0,0,1,1,1
7,1.1102230246251565e-16,28200000.00,0,0,0,0,0,0,1,0,1,1,0,0,0,0,0,1,1,0,0,1,0,0,1,0
14,1.1102230246251565e-16,61960000.00,0,0,0,1,0,0,1,1,1,1,1,1,1,1,1,1,0,1,0,1,1,0,0,0
4,1.1102230246251565e-16,10200000.00,0,0,0,0,0,0,0,0,1,1,0,1,0,0,0,0,0,0,0,1,0,0,0,0
6,1.1102230246251565e-16,22600000.00,0,0,0,0,0,0,0,1,1,0,0,1,1,0,0,1,0,0,0,0,1,0,0,0
4,1.1102230246251565e-16,15800000.00,0,0,0,0,0,0,0,0,0,1,0,1,0,0,0,1,0,0,0,1,0,0,0,0
10,1.1102230246251565e-16,35000000.00,0,0,0,0,0,0,1,1,0,1,1,1,0,1,0,0,1,0,0,1,0,0,1,1
8,1.1102230246251565e-16,26000000.00,0,0,0,0,0,0,1,0,1,1,0,1,1,0,0,1,0,0,0,0,1,0,1,0
6,1.1102230246251565e-16,13600000.00,0,0,0,0,0,0,0,0,1,1,1,1,0,0,0,0,0,0,0,1,0,0,1,0
10,1.1102230246251565e-16,55200000.00,0,0,0,0,0,0,1,0,1,1,0,0,0,1,0,1,1,1,1,0,0,1,1,0
4,1.1102230246251565e-16,6800000.00,0,0,0,0,0,0,0,1,0,0,1,0,0,0,0,0,0,0,0,0,1,0,1,0
11,1.1102230246251565e-16,52960000.00,0,0,0,1,0,0,1,1,1,1,1,1,1,1,1,1,0,0,0,0,0,0,0,0
14,1.1102230246251565e-16,75320000.00,0,0,0,1,1,0,1,0,1,1,1,1,0,1,1,1,1,1,1,0,0,1,0,0
4,1.1102230246251565e-16,12400000.00,0,0,0,0,0,0,0,0,0,0,1,0,0,1,0,0,0,0,0,0,0,0,1,1
17,1.1102230246251565e-16,79960000.00,0,0,0,1,0,0,1,1,1,1,1,1,1,1,1,1,1,1,1,1,0,1,0,1
9,1.1102230246251565e-16,29400000.00,0,0,0,0,0,0,1,1,0,1,1,1,1,0,1,0,0,0,0,0,0,1,1,0
4,1.1102230246251565e-16,10200000.00,0,0,0,0,0,0,0,0,0,1,0,1,1,0,0,0,0,0,0,1,0,0,0,0
8,1.1102230246251565e-16,29400000.00,0,0,0,0,0,0,1,1,1,0,1,1,1,0,0,1,0,0,0,0,1,0,0,0
3,1.1102230246251565e-16,6800000.00,0,0,0,0,0,0,0,1,0,0,0,1,0,0,0,0,0,0,0,1,0,0,0,0
14,1.1102230246251565e-16,59480000.00,0,1,1,0,0,1,1,1,1,1,1,0,0,0,1,1,1,1,0,1,1,0,0,0
13,1.1102230246251565e-16,68800000.00,0,0,0,0,0,0,1,1,1,1,1,1,1,1,1,1,1,1,0,0,0,0,1,0
11,1.1102230246251565e-16,53000000.00,0,0,0,0,0,0,1,0,1,0,1,1,1,1,0,0,1,1,1,1,0,0,1,0
10,1.1102230246251565e-16,38400000.00,0,0,0,0,0,0,0,1,1,1,1,1,1,1,0,0,0,1,0,1,0,1,0,0
12,1.1102230246251565e-16,56400000.00,0,0,0,0,0,0,1,1,1,1,1,0,1,1,0,1,1,1,0,0,0,1,1,0
7,1.1102230246251565e-16,26000000.00,0,0,0,0,0,0,1,1,1,1,0,0,1,1,0,0,0,0,0,0,0,0,1,0
10,1.1102230246251565e-16,48360000.00,0,0,0,1,0,0,0,1,0,0,1,1,0,0,1,1,1,1,0,0,1,1,0,0
8,1.1102230246251565e-16,33760000.00,0,0,0,1,0,0,1,0,1,0,1,1,0,1,0,1,0,0,0,0,0,0,1,0
3,1.1102230246251565e-16,6800000.00,0,0,0,0,0,0,1,1,0,0,0,0,0,0,0,0,0,0,0,1,0,0,0,0
16,1.1102230246251565e-16,79960000.00,0,0,0,1,0,0,1,1,1,1,1,1,1,1,1,1,1,1,1,0,0,1,0,1
5,1.1102230246251565e-16,15800000.00,0,0,0,0,0,0,0,1,0,0,1,0,0,1,0,0,0,0,0,1,0,0,1,0
9,1.1102230246251565e-16,28200000.00,0,0,0,0,0,0,1,0,0,1,1,0,0,0,0,0,1,0,1,1,1,0,1,1
15,1.1102230246251565e-16,67560000.00,0,0,0,0,1,0,1,1,1,1,0,1,1,1,0,1,1,1,1,1,1,1,0,0
14,1.1102230246251565e-16,58560000.00,0,0,0,1,0,0,1,1,1,1,1,1,0,1,1,1,1,0,0,1,0,1,0,1
6,1.1102230246251565e-16,22600000.00,0,0,0,0,0,0,0,0,1,1,1,1,0,0,0,0,1,0,0,0,0,0,1,0
12,1.1102230246251565e-16,50800000.00,0,0,0,0,0,0,1,1,1,1,1,1,1,1,0,1,1,0,0,0,0,1,1,0
11,1.1102230246251565e-16,56400000.00,0,0,0,0,0,0,0,1,1,1,1,1,1,1,0,1,1,1,0,0,0,1,0,0
11,1.1102230246251565e-16,50800000.00,0,0,0,0,0,0,1,1,1,1,1,1,1,1,1,0,1,0,0,1,0,0,0,0
6,1.1102230246251565e-16,24800000.00,0,0,0,0,0,0,0,0,0,1,1,0,0,1,1,0,0,0,0,0,0,0,1,1
12,1.1102230246251565e-16,47400000.00,0,0,0,0,0,0,1,1,1,1,1,0,1,1,0,1,1,0,0,1,0,1,1,0
5,1.1102230246251565e-16,19200000.00,0,0,0,0,0,0,0,1,0,0,0,1,1,0,0,1,0,0,0,0,1,0,0,0
9,1.1102230246251565e-16,44000000.00,0,0,0,0,0,0,1,1,1,0,1,0,1,1,0,1,1,0,0,0,0,0,1,0
12,1.1102230246251565e-16,38400000.00,0,0,0,0,0,0,1,1,1,1,1,1,0,0,0,0,1,0,1,1,1,0,1,1
7,1.1102230246251565e-16,28200000.00,0,0,0,0,0,0,0,0,1,1,0,1,0,1,0,0,1,0,0,1,0,0,1,0
11,1.1102230246251565e-16,42440000.01,0,0,0,1,1,1,1,0,1,0,0,0,0,0,0,1,1,1,0,1,0,1,0,0
11,1.1102230246251565e-16,36840000.01,1,0,1,0,1,0,1,0,1,0,0,1,0,0,0,0,1,0,1,1,0,1,0,0
8,1.1102230246251565e-16,35000000.00,0,0,0,0,0,0,1,1,1,1,1,0,0,1,0,1,0,0,0,0,0,0,1,0
3,1.1102230246251565e-16,3400000.00,0,0,0,0,0,0,0,1,0,0,0,0,0,0,0,0,0,0,0,1,0,0,1,0
5,1.1102230246251565e-16,6800000.00,0,0,0,0,0,0,0,0,0,0,1,1,0,0,0,0,0,0,0,1,0,0,1,1
13,1.1102230246251565e-16,55160000.00,0,0,0,0,0,1,1,0,1,1,0,1,1,1,1,1,0,1,0,0,0,1,1,1
6,1.1102230246251565e-16,19200000.00,0,0,0,0,0,0,0,1,1,0,1,0,0,1,0,0,0,0,0,1,0,0,1,0
13,1.1102230246251565e-16,58240000.01,0,1,1,0,0,1,0,1,1,1,1,0,0,1,1,1,1,0,0,0,0,0,1,0
10,1.1102230246251565e-16,50800000.00,0,0,0,0,0,0,1,1,1,1,1,1,1,0,1,1,0,1,0,0,0,0,0,0
9,1.1102230246251565e-16,31600000.00,0,0,0,0,0,0,0,0,1,1,1,1,0,1,0,1,0,0,0,1,1,0,1,0
7,1.1102230246251565e-16,24800000.00,0,0,0,0,0,0,0,0,0,0,1,0,1,1,0,0,1,0,0,0,0,1,1,1
3,1.1102230246251565e-16,3400000.00,0,0,0,0,0,0,0,0,0,0,0,1,0,0,0,0,0,0,0,1,1,0,0,0
3,1.1102230246251565e-16,15800000.00,0,0,0,0,0,0,0,0,1,1,0,0,0,1,0,0,0,0,0,0,0,0,0,0
9,1.1102230246251565e-16,29080000.00,0,1,0,0,1,1,1,0,1,0,0,1,1,0,0,0,0,1,0,0,0,1,0,0
5,1.1102230246251565e-16,10200000.00,0,0,0,0,0,0,0,0,0,1,1,1,0,0,0,0,0,0,0,1,0,0,1,0
7,1.1102230246251565e-16,17960000.00,0,0,0,0,1,0,0,0,1,1,0,0,0,1,0,0,0,0,0,1,1,0,1,0
10,1.1102230246251565e-16,44000000.00,0,0,0,0,0,0,1,0,1,1,0,1,1,1,0,1,1,0,0,0,1,0,1,0
15,1.1102230246251565e-16,59800000.00,0,0,0,0,0,0,1,1,1,1,1,1,1,0,1,1,1,0,1,1,1,0,1,1
6,1.1102230246251565e-16,28200000.00,0,0,0,0,0,0,1,1,0,0,0,0,1,1,0,0,0,1,0,1,0,0,0,0
11,1.1102230246251565e-16,58600000.00,0,0,0,0,0,0,1,1,0,0,0,1,1,0,1,1,1,1,1,1,1,0,0,0
10,1.1102230246251565e-16,32800000.00,0,0,0,0,0,0,1,1,1,1,1,1,1,0,0,1,0,0,0,0,0,1,1,0
14,1.1102230246251565e-16,58560000.00,0,0,0,1,0,0,1,1,1,1,1,1,0,1,0,0,1,1,1,1,0,1,0,1
10,1.1102230246251565e-16,47400000.00,0,0,0,0,0,0,1,1,1,1,1,1,0,0,1,1,1,0,0,0,0,0,1,0
9,1.1102230246251565e-16,31600000.00,0,0,0,0,0,0,0,0,1,1,1,1,0,0,0,1,1,0,0,1,1,0,1,0
11,1.1102230246251565e-16,31560000.00,0,1,0,0,0,0,1,1,1,1,1,0,1,0,0,0,0,1,0,1,1,0,1,0
6,1.1102230246251565e-16,28200000.00,0,0,0,0,0,0,1,0,1,0,0,0,1,1,0,0,1,0,0,1,0,0,0,0
13,1.1102230246251565e-16,65400000.00,0,0,0,0,0,0,1,1,1,1,1,1,0,1,0,1,1,1,1,1,0,0,0,1
10,1.1102230246251565e-16,40600000.00,0,0,0,0,0,0,0,0,1,1,1,1,0,1,0,1,1,0,0,1,1,0,1,0
12,1.1102230246251565e-16,53000000.00,0,0,0,0,0,0,1,0,1,1,1,1,0,1,0,1,1,0,1,1,1,0,1,0
8,1.1102230246251565e-16,34680000.00,0,0,1,1,0,1,0,0,1,0,1,1,0,0,1,0,0,0,1,0,0,0,0,0
7,1.1102230246251565e-16,17000000.00,0,0,0,0,0,0,1,0,1,1,0,1,1,0,0,0,0,0,0,0,1,0,1,0
7,1.1102230246251565e-16,13600000.00,0,0,0,0,0,0,0,1,0,1,1,1,0,0,0,0,0,0,0,1,1,0,1,0
4,1.1102230246251565e-16,3400000.00,0,0,0,0,0,0,0,1,0,0,0,0,0,0,0,0,0,0,0,1,1,0,1,0
8,1.1102230246251565e-16,40600000.00,0,0,0,0,0,0,0,1,1,1,0,1,0,1,0,1,1,0,0,0,0,0,1,0
14,1.1102230246251565e-16,61960000.00,0,0,0,1,0,0,1,1,1,1,1,1,1,1,1,0,1,1,0,0,0,1,1,0
5,1.1102230246251565e-16,13600000.00,0,0,0,0,0,0,0,0,1,1,1,1,0,0,0,0,0,0,0,0,0,0,1,0
14,1.1102230246251565e-16,58560000.00,0,0,0,1,0,0,0,1,1,1,1,1,1,1,1,1,0,1,0,1,0,1,0,1
3,1.1102230246251565e-16,6800000.00,0,0,0,0,0,0,0,0,1,1,0,0,0,0,0,0,0,0,0,1,0,0,0,0
4,1.1102230246251565e-16,9000000.00,0,0,0,0,0,0,0,0,0,0,0,0,0,0,0,1,0,0,0,1,1,0,1,0
9,1.1102230246251565e-16,37200000.00,0,0,0,0,0,0,1,1,0,0,1,0,0,1,0,0,1,0,1,1,0,0,1,1
2,1.1102230246251565e-16,3400000.00,0,0,0,0,0,0,0,0,0,0,0,1,0,0,0,0,0,0,0,1,0,0,0,0
7,1.1102230246251565e-16,22600000.00,0,0,0,0,0,0,0,1,1,0,1,1,0,1,0,0,0,0,0,1,0,0,1,0
8,1.1102230246251565e-16,31600000.00,0,0,0,0,0,0,0,0,1,0,1,1,1,0,0,0,1,0,1,0,0,1,1,0
6,1.1102230246251565e-16,13600000.00,0,0,0,0,0,0,0,0,1,1,1,1,0,0,0,0,0,0,0,1,0,0,1,0
13,1.1102230246251565e-16,41800000.00,0,0,0,0,0,0,1,1,1,1,1,1,1,0,1,1,0,0,0,1,1,0,1,1
5,1.1102230246251565e-16,19200000.00,0,0,0,0,0,0,0,0,0,1,1,1,0,0,0,0,1,0,0,0,0,0,1,0
4,1.1102230246251565e-16,12400000.00,0,0,0,0,0,0,0,0,1,0,0,0,0,1,0,0,0,0,0,1,0,0,1,0
9,1.1102230246251565e-16,37200000.00,0,0,0,0,0,0,0,1,0,1,1,0,0,1,0,1,0,0,1,1,0,0,1,1
9,1.1102230246251565e-16,35000000.00,0,0,0,0,0,0,0,1,1,1,1,1,0,1,0,0,1,0,0,1,0,0,1,0
2,1.1102230246251565e-16,3400000.00,0,0,0,0,0,0,0,1,0,0,0,0,0,0,0,0,0,0,0,0,0,0,1,0
7,1.1102230246251565e-16,37200000.00,0,0,0,0,0,0,0,0,1,1,0,1,0,0,0,1,1,1,0,0,0,0,1,0
8,1.1102230246251565e-16,17000000.00,0,0,0,0,0,0,0,1,0,1,1,1,1,0,0,0,0,0,0,1,1,0,1,0
18,1.1102230246251565e-16,65960000.01,1,0,1,1,1,1,1,1,1,1,0,1,0,1,1,1,1,0,0,1,0,1,1,0
6,1.1102230246251565e-16,19200000.00,0,0,0,0,0,0,0,0,0,1,1,1,0,0,0,0,1,0,0,0,1,0,1,0
14,1.1102230246251565e-16,77800000.00,0,0,0,0,0,0,1,1,1,1,1,1,1,1,1,1,1,1,1,0,0,0,1,0
11,1.1102230246251565e-16,40240000.00,0,1,1,0,1,1,1,1,1,1,0,0,0,0,1,0,0,0,1,0,0,0,0,1
4,1.1102230246251565e-16,10200000.00,0,0,0,0,0,0,0,0,0,1,1,1,0,0,0,0,0,0,0,1,0,0,0,0
9,1.1102230246251565e-16,35000000.00,0,0,0,0,0,0,0,1,0,1,1,1,1,0,1,1,0,0,0,1,1,0,0,0
7,1.1102230246251565e-16,22600000.00,0,0,0,0,0,0,0,0,1,1,1,1,0,0,0,0,1,0,0,1,0,0,1,0
10,1.1102230246251565e-16,41800000.00,0,0,0,0,0,0,1,1,1,1,1,1,1,1,1,0,0,0,0,1,0,0,0,0
10,1.1102230246251565e-16,44000000.00,0,0,0,0,0,0,1,1,1,1,1,0,0,1,0,1,1,0,0,0,0,1,1,0
10,1.1102230246251565e-16,35000000.00,0,0,0,0,0,0,1,1,0,1,1,1,0,0,0,0,1,0,1,1,0,0,1,1
16,1.1102230246251565e-16,70960000.00,0,0,0,1,0,0,1,1,1,1,1,1,1,1,1,1,1,1,0,1,0,1,0,1
13,1.1102230246251565e-16,56400000.00,0,0,0,0,0,0,1,1,1,1,1,1,0,1,1,1,1,0,0,1,0,0,1,1
8,1.1102230246251565e-16,33800000.00,0,0,0,0,0,0,0,0,1,0,0,1,0,1,0,1,1,0,0,1,1,0,1,0
8,1.1102230246251565e-16,29400000.00,0,0,0,0,0,0,1,1,1,1,1,1,0,0,0,0,0,1,0,0,0,0,1,0
9,1.1102230246251565e-16,26000000.00,0,0,0,0,0,0,1,1,0,1,1,1,0,0,0,0,1,0,0,1,1,0,1,0
14,1.1102230246251565e-16,56080000.00,0,0,0,1,1,1,0,1,0,1,1,1,0,0,0,1,1,1,1,0,1,0,1,1
13,1.1102230246251565e-16,56400000.00,0,0,0,0,0,0,1,1,1,1,1,1,0,0,1,1,1,0,1,0,1,0,1,1
12,1.1102230246251565e-16,49600000.00,0,0,0,0,0,0,0,0,1,1,1,1,0,1,0,1,1,0,1,1,1,0,1,1
10,1.1102230246251565e-16,47400000.00,0,0,0,0,0,0,1,1,1,1,1,1,0,1,0,0,1,1,0,1,0,0,0,0
7,1.1102230246251565e-16,22600000.00,0,0,0,0,0,0,0,0,0,1,1,1,1,0,0,0,1,0,0,1,0,0,1,0
11,1.1102230246251565e-16,56400000.00,0,0,0,0,0,0,1,1,1,1,1,1,0,1,0,1,1,1,0,0,0,0,1,0
8,1.1102230246251565e-16,26000000.00,0,0,0,0,0,0,0,0,1,1,1,1,1,0,0,0,1,0,0,0,0,1,1,0
7,1.1102230246251565e-16,22600000.00,0,0,0,0,0,0,0,0,1,1,1,1,0,0,0,1,0,0,0,1,0,0,1,0
5,1.1102230246251565e-16,15800000.00,0,0,0,0,0,0,0,0,0,0,1,1,0,1,0,0,0,0,0,0,0,0,1,1
10,1.1102230246251565e-16,35920000.00,0,0,1,0,1,0,1,1,0,1,0,0,1,1,0,1,0,0,0,0,0,0,1,1
11,1.1102230246251565e-16,38400000.00,0,0,0,0,0,0,1,1,1,1,1,0,1,0,1,1,0,0,0,0,1,0,1,1
12,1.1102230246251565e-16,56400000.00,0,0,0,0,0,0,1,1,1,1,1,1,0,1,0,1,1,1,0,0,0,1,1,0
10,1.1102230246251565e-16,53000000.00,0,0,0,0,0,0,1,1,0,1,1,1,0,1,1,0,1,1,0,1,0,0,0,0
4,1.1102230246251565e-16,21400000.00,0,0,0,0,0,0,0,1,0,0,0,0,0,1,0,0,1,0,0,0,0,0,1,0
14,1.1102230246251565e-16,68800000.00,0,0,0,0,0,0,1,1,1,1,1,1,1,1,0,1,1,1,1,0,0,1,1,0
7,1.1102230246251565e-16,26000000.00,0,0,0,0,0,0,0,1,1,1,1,1,0,0,0,0,1,0,0,0,0,0,1,0
12,1.1102230246251565e-16,56400000.00,0,0,0,0,0,0,1,1,1,1,1,1,0,1,0,0,1,1,1,1,0,0,0,1
1,1.1102230246251565e-16,0.00,0,0,0,0,0,0,0,0,0,0,0,0,0,0,0,0,0,0,0,1,0,0,0,0
10,1.1102230246251565e-16,47400000.00,0,0,0,0,0,0,1,1,1,1,1,1,0,1,0,0,1,1,0,0,0,0,1,0
4,1.1102230246251565e-16,6800000.00,0,0,0,0,0,0,0,1,0,0,0,1,0,0,0,0,0,0,0,1,0,0,1,0
8,1.1102230246251565e-16,40600000.00,0,0,0,0,0,0,0,0,1,1,0,1,1,0,0,1,1,1,0,0,0,0,1,0
9,1.1102230246251565e-16,29400000.00,0,0,0,0,0,0,0,1,1,1,1,1,1,0,0,1,0,0,0,1,1,0,0,0
8,1.1102230246251565e-16,29400000.00,0,0,0,0,0,0,1,1,1,1,1,1,0,0,0,0,0,1,0,1,0,0,0,0
12,1.1102230246251565e-16,56400000.00,0,0,0,0,0,0,1,1,1,1,1,1,0,1,0,1,1,1,0,1,0,0,0,1
10,1.1102230246251565e-16,44000000.00,0,0,0,0,0,0,1,0,1,1,1,1,0,1,0,1,0,1,0,1,0,0,1,0
8,1.1102230246251565e-16,31600000.00,0,0,0,0,0,0,1,1,0,0,0,1,1,1,0,0,0,1,0,0,1,0,0,1
3,1.1102230246251565e-16,6800000.00,0,0,0,0,0,0,0,1,0,1,0,0,0,0,0,0,0,0,0,1,0,0,0,0
10,1.1102230246251565e-16,53000000.00,0,0,0,0,0,0,1,0,1,1,1,1,0,0,0,1,1,1,1,1,0,0,0,0
11,1.1102230246251565e-16,53000000.00,0,0,0,0,0,0,0,0,1,1,1,1,1,1,0,1,1,1,0,0,0,1,1,0
3,1.1102230246251565e-16,6800000.00,0,0,0,0,0,0,0,0,0,0,1,1,0,0,0,0,0,0,0,0,0,0,1,0
5,1.1102230246251565e-16,15800000.00,0,0,0,0,0,0,0,1,0,0,0,1,0,1,0,0,0,0,0,1,0,0,0,1
8,1.1102230246251565e-16,37200000.00,0,0,0,0,0,0,0,0,1,1,0,1,0,0,0,1,1,1,0,1,0,0,1,0
9,1.1102230246251565e-16,44000000.00,0,0,0,0,0,0,1,1,0,1,1,1,0,1,0,0,1,1,0,1,0,0,0,0
2,1.1102230246251565e-16,3400000.00,0,0,0,0,0,0,0,0,0,0,0,1,0,0,0,0,0,0,0,0,0,0,1,0
9,1.1102230246251565e-16,35000000.00,0,0,0,0,0,0,0,1,0,1,1,1,1,1,0,1,0,0,0,0,1,0,1,0
6,1.1102230246251565e-16,30360000.00,1,0,0,0,0,0,0,0,1,1,1,0,0,1,1,0,0,0,0,0,0,0,0,0
8,1.1102230246251565e-16,35000000.00,0,0,0,0,0,0,1,1,0,1,1,1,0,0,0,0,1,1,0,0,0,0,1,0
11,1.1102230246251565e-16,56400000.00,0,0,0,0,0,0,1,0,1,1,1,1,1,1,0,0,1,1,1,0,0,0,1,0
11,1.1102230246251565e-16,58600000.00,0,0,0,0,0,0,1,1,0,1,0,1,0,1,0,1,1,1,1,1,0,0,0,1
10,1.1102230246251565e-16,53000000.00,0,0,0,0,0,0,1,0,1,1,1,1,0,1,0,1,1,1,0,0,0,0,1,0
11,1.1102230246251565e-16,56400000.00,0,0,0,0,0,0,1,1,1,1,1,1,0,1,0,1,1,1,0,0,0,0,1,0
7,1.1102230246251565e-16,31600000.00,0,0,0,0,0,0,0,0,1,1,1,1,0,0,0,1,1,0,0,1,0,0,0,0
8,1.1102230246251565e-16,31600000.00,0,0,0,0,0,0,0,0,1,1,1,1,0,0,1,1,0,0,0,1,0,0,1,0
5,1.1102230246251565e-16,15800000.00,0,0,0,0,0,0,0,0,0,1,1,0,0,0,0,0,1,0,0,1,1,0,0,0
14,1.1102230246251565e-16,68800000.00,0,0,0,0,0,0,1,1,1,1,1,1,1,0,1,1,1,1,1,1,0,1,0,0
12,1.1102230246251565e-16,35920000.00,0,0,1,1,0,0,0,0,0,1,1,1,1,0,1,0,0,0,1,1,1,0,1,1
8,1.1102230246251565e-16,31600000.00,0,0,0,0,0,0,0,0,1,1,1,1,0,1,0,0,1,0,0,1,1,0,0,0
9,1.1102230246251565e-16,26000000.00,0,0,0,0,0,0,0,1,1,1,1,1,0,0,0,1,0,0,0,1,0,1,1,0
3,1.1102230246251565e-16,6800000.00,0,0,0,0,0,0,0,0,1,0,1,0,0,0,0,0,0,0,0,1,0,0,0,0
8,1.1102230246251565e-16,26000000.00,0,0,0,0,0,0,0,1,1,1,1,1,0,0,0,0,1,0,0,1,0,0,0,1
8,1.1102230246251565e-16,28200000.00,0,0,0,0,0,0,0,1,0,1,0,1,0,0,0,0,1,0,1,1,0,0,1,1
12,1.1102230246251565e-16,47400000.00,0,0,0,0,0,0,1,1,1,1,1,1,0,1,0,0,1,1,0,1,0,0,1,1
6,1.1102230246251565e-16,19200000.00,0,0,0,0,0,0,0,0,0,1,1,1,0,0,0,1,0,0,0,1,0,0,1,0
11,1.1102230246251565e-16,40240000.01,0,0,0,1,1,1,1,0,0,1,1,1,0,1,0,0,0,0,1,1,0,0,0,0
4,1.1102230246251565e-16,10200000.00,0,0,0,0,0,0,0,1,1,1,0,0,0,0,0,0,0,0,0,1,0,0,0,0
9,1.1102230246251565e-16,39360000.00,0,0,0,1,0,0,1,0,0,0,1,0,1,1,1,0,0,1,0,1,0,0,0,1
7,1.1102230246251565e-16,31600000.00,0,0,0,0,0,0,0,0,1,1,1,1,0,0,0,1,1,0,0,0,0,0,1,0
10,1.1102230246251565e-16,38400000.00,0,0,0,0,0,0,1,1,1,1,1,1,0,0,0,0,1,1,0,1,0,0,1,0
7,1.1102230246251565e-16,28200000.00,0,0,0,0,0,0,0,0,1,1,0,1,0,0,0,1,0,1,0,0,0,0,1,1
5,1.1102230246251565e-16,6800000.00,0,0,0,0,0,0,0,1,0,1,0,0,0,0,0,0,0,0,0,1,1,0,1,0
6,1.1102230246251565e-16,13600000.00,0,0,0,0,0,0,1,0,0,1,1,1,0,0,0,0,0,0,0,1,0,0,1,0
5,1.1102230246251565e-16,15800000.00,0,0,0,0,0,0,0,0,0,0,1,1,0,0,0,0,1,0,0,1,0,0,1,0
9,1.1102230246251565e-16,40600000.00,0,0,0,0,0,0,0,0,1,0,1,1,1,1,0,0,1,1,0,1,0,0,1,0
11,1.1102230246251565e-16,56400000.00,0,0,0,0,0,0,1,1,1,1,1,1,0,1,0,1,1,1,0,1,0,0,0,0
4,1.1102230246251565e-16,12400000.00,0,0,0,0,0,0,0,0,0,0,0,1,0,0,0,0,1,0,0,0,1,0,1,0
5,1.1102230246251565e-16,19200000.00,0,0,0,0,0,0,0,0,0,1,1,1,0,0,1,0,0,0,0,0,0,0,1,0
10,1.1102230246251565e-16,35000000.00,0,0,0,0,0,0,1,1,1,0,1,0,1,0,1,1,0,0,0,0,0,1,1,1
10,1.1102230246251565e-16,39360000.00,0,0,0,1,0,0,1,0,0,0,1,0,1,1,1,1,0,0,0,0,1,0,1,1
9,1.1102230246251565e-16,44000000.00,0,0,0,0,0,0,0,0,1,1,1,1,1,1,1,1,0,0,0,0,0,0,1,0
9,1.1102230246251565e-16,35000000.00,0,0,0,0,0,0,1,1,0,0,1,1,1,1,1,0,0,0,0,1,1,0,0,0
8,1.1102230246251565e-16,46200000.00,0,0,0,0,0,0,1,0,0,0,1,1,0,1,1,0,1,1,0,1,0,0,0,0
12,1.1102230246251565e-16,65400000.00,0,0,0,0,0,0,0,1,1,1,1,1,1,1,0,1,1,1,1,0,0,1,0,0
5,1.1102230246251565e-16,13600000.00,0,0,0,0,0,0,0,0,1,1,1,1,0,0,0,0,0,0,0,0,0,0,1,0
9,1.1102230246251565e-16,38400000.00,0,0,0,0,0,0,1,1,1,1,1,1,0,1,0,0,0,0,1,0,0,0,1,0
12,1.1102230246251565e-16,56400000.00,0,0,0,0,0,0,1,1,1,1,1,1,0,1,0,0,1,1,1,1,0,0,0,1
4,1.1102230246251565e-16,10200000.00,0,0,0,0,0,0,0,0,0,1,1,1,0,0,0,0,0,0,0,0,0,0,1,0
6,1.1102230246251565e-16,19200000.00,0,0,0,0,0,0,0,0,1,0,1,1,0,0,0,1,0,0,0,1,0,0,1,0
14,1.1102230246251565e-16,55160000.00,0,1,0,0,0,0,0,1,1,1,0,1,1,1,0,1,0,1,1,1,1,1,1,0
8,1.1102230246251565e-16,31600000.00,0,0,0,0,0,0,1,0,0,1,1,1,0,0,0,0,1,1,0,1,0,0,1,0
8,1.1102230246251565e-16,40600000.00,0,0,0,0,0,0,0,1,0,1,1,1,0,1,1,0,1,0,0,0,1,0,0,0
6,1.1102230246251565e-16,12360000.00,0,0,0,1,0,0,0,0,1,0,1,1,0,0,0,0,0,0,0,1,0,0,1,0
9,1.1102230246251565e-16,40600000.00,0,0,0,0,0,0,1,0,0,1,1,0,1,1,1,0,0,1,0,1,0,0,0,1
3,1.1102230246251565e-16,9000000.00,0,0,0,0,0,0,0,0,0,0,0,0,0,0,0,0,1,0,0,1,0,0,1,0
8,1.1102230246251565e-16,35000000.00,0,0,0,0,0,0,1,0,1,1,1,1,0,1,0,0,0,1,0,1,0,0,0,0
7,1.1102230246251565e-16,22600000.00,0,0,0,0,0,0,0,1,0,1,1,0,1,0,0,1,0,0,0,0,1,0,1,0
9,1.1102230246251565e-16,29400000.00,0,0,0,0,0,0,1,1,1,1,1,1,0,0,0,0,1,0,0,1,0,0,1,0
8,1.1102230246251565e-16,29400000.00,0,0,0,0,0,0,0,1,1,1,1,1,1,1,0,0,0,0,0,0,0,0,1,0
11,1.1102230246251565e-16,40240000.00,0,1,1,1,1,0,0,0,1,1,1,0,1,1,0,0,1,0,0,0,1,0,0,0
10,1.1102230246251565e-16,31280000.01,0,0,0,1,0,1,0,0,0,0,1,0,1,0,1,1,0,0,0,1,1,1,0,0
6,1.1102230246251565e-16,22600000.00,0,0,0,0,0,0,0,0,1,1,1,1,0,0,0,0,1,0,0,0,0,0,1,0
3,1.1102230246251565e-16,6800000.00,0,0,0,0,0,0,0,0,0,0,1,1,0,0,0,0,0,0,0,1,0,0,0,0
12,1.1102230246251565e-16,59520000.01,0,0,0,0,0,1,0,0,1,0,1,1,0,1,1,1,1,0,1,0,0,1,1,0
5,1.1102230246251565e-16,12400000.00,0,0,0,0,0,0,0,0,0,0,0,1,0,1,0,0,0,0,0,1,1,0,1,0
8,1.1102230246251565e-16,31600000.00,0,0,0,0,0,0,0,0,1,1,1,1,0,0,0,0,1,1,0,1,0,0,1,0
11,1.1102230246251565e-16,62000000.00,0,0,0,0,0,0,1,0,1,1,1,1,0,0,1,1,1,1,1,0,0,0,1,0
7,1.1102230246251565e-16,29120000.00,1,0,0,0,0,1,0,0,1,0,0,1,0,0,1,0,0,1,0,0,0,0,0,1
5,1.1102230246251565e-16,28200000.00,0,0,0,0,0,0,0,0,0,1,1,1,0,1,1,0,0,0,0,0,0,0,0,0
13,1.1102230246251565e-16,59800000.00,0,0,0,0,0,0,1,1,1,1,1,1,1,1,0,1,1,1,0,0,0,1,1,0
11,1.1102230246251565e-16,47400000.00,0,0,0,0,0,0,1,1,1,1,1,1,0,1,0,0,1,1,0,1,0,0,1,0
11,1.1102230246251565e-16,48040000.00,1,1,1,0,1,0,0,1,0,0,0,0,0,1,1,0,0,1,1,0,1,0,1,0
12,1.1102230246251565e-16,68800000.00,0,0,0,0,0,0,1,1,1,1,1,1,1,1,0,1,1,1,1,0,0,0,0,0
8,1.1102230246251565e-16,35000000.00,0,0,0,0,0,0,0,0,1,1,1,1,1,1,0,1,0,0,0,0,0,0,1,0
5,1.1102230246251565e-16,19200000.00,0,0,0,0,0,0,0,0,1,0,1,1,0,0,0,1,0,0,0,1,0,0,0,0
9,1.1102230246251565e-16,23520000.00,0,0,0,1,0,1,0,0,1,1,0,0,1,1,0,0,0,0,0,0,1,1,1,0
15,1.1102230246251565e-16,74400000.00,0,0,0,0,0,0,1,1,1,1,1,1,0,1,1,1,1,1,1,1,0,0,1,1
7,1.1102230246251565e-16,13600000.00,0,0,0,0,0,0,0,1,0,1,1,1,0,0,0,0,0,0,0,1,1,0,1,0
12,1.1102230246251565e-16,45880000.01,0,0,0,1,0,1,0,0,0,0,0,0,1,1,1,0,1,1,0,1,1,0,1,1
12,1.1102230246251565e-16,47400000.00,0,0,0,0,0,0,1,1,1,1,1,1,0,1,0,0,0,1,1,1,0,0,1,1
11,1.1102230246251565e-16,42440000.01,1,1,1,0,0,0,1,0,1,0,0,0,0,0,1,0,1,1,0,1,0,0,0,1
5,1.1102230246251565e-16,18000000.00,0,0,0,0,0,0,0,0,0,0,0,0,0,1,0,0,0,0,1,1,1,0,1,0
11,1.1102230246251565e-16,42720000.00,1,0,0,0,1,0,0,1,1,1,1,1,1,0,1,1,0,0,0,0,1,0,0,0
6,1.1102230246251565e-16,15800000.00,0,0,0,0,0,0,0,0,0,0,1,1,0,0,0,0,1,0,0,1,1,0,1,0
4,1.1102230246251565e-16,12400000.00,0,0,0,0,0,0,0,0,0,0,0,1,0,1,0,0,0,0,0,0,1,0,1,0
12,1.1102230246251565e-16,31240000.01,0,0,1,1,1,0,1,0,1,1,0,1,0,0,0,0,1,0,0,1,0,1,1,0
11,1.1102230246251565e-16,56400000.00,0,0,0,0,0,0,1,1,1,1,1,1,0,1,0,1,1,1,0,1,0,0,0,0
9,1.1102230246251565e-16,38400000.00,0,0,0,0,0,0,1,1,1,1,1,1,0,0,0,0,1,1,0,1,0,0,0,0
10,1.1102230246251565e-16,49600000.00,0,0,0,0,0,0,0,1,1,0,1,1,0,1,1,1,1,0,0,1,0,0,1,0
5,1.1102230246251565e-16,19200000.00,0,0,0,0,0,0,0,0,0,1,1,1,0,0,0,0,1,0,0,0,0,0,1,0
10,1.1102230246251565e-16,38400000.00,0,0,0,0,0,0,1,1,1,1,1,1,0,0,0,0,1,1,0,1,0,0,0,1
4,1.1102230246251565e-16,15800000.00,0,0,0,0,0,0,0,0,0,0,1,1,0,0,0,0,1,0,0,1,0,0,0,0
7,1.1102230246251565e-16,31600000.00,0,0,0,0,0,0,1,1,0,0,0,1,1,1,0,0,0,1,0,0,0,0,0,1
9,1.1102230246251565e-16,35000000.00,0,0,0,0,0,0,0,0,1,1,1,1,1,1,0,1,0,0,0,1,0,0,1,0
11,1.1102230246251565e-16,47400000.00,0,0,0,0,0,0,1,1,1,1,1,1,0,1,0,0,1,1,0,1,0,0,0,1
15,1.1102230246251565e-16,68800000.00,0,0,0,0,0,0,1,1,1,1,1,1,1,1,0,1,1,1,1,0,0,1,1,1
6,1.1102230246251565e-16,28200000.00,0,0,0,0,0,0,0,0,1,0,1,1,0,1,0,1,0,0,0,1,0,0,0,0
4,1.1102230246251565e-16,15800000.00,0,0,0,0,0,0,1,0,0,0,0,1,0,0,0,1,0,0,0,0,1,0,0,0
12,1.1102230246251565e-16,65400000.00,0,0,0,0,0,0,1,1,0,1,1,1,1,1,1,1,1,1,0,0,0,0,1,0
13,1.1102230246251565e-16,62000000.00,0,0,0,0,0,0,0,1,1,1,1,1,0,0,1,1,1,1,1,1,0,0,1,1
3,1.1102230246251565e-16,6800000.00,0,0,0,0,0,0,0,0,0,1,1,0,0,0,0,0,0,0,0,0,0,0,1,0
9,1.1102230246251565e-16,35000000.00,0,0,0,0,0,0,0,1,1,0,1,1,1,1,0,0,0,1,0,1,0,0,0,1
4,1.1102230246251565e-16,10200000.00,0,0,0,0,0,0,0,0,1,0,1,1,0,0,0,0,0,0,0,1,0,0,0,0
5,1.1102230246251565e-16,19200000.00,0,0,0,0,0,0,1,0,1,0,1,0,0,1,0,0,0,0,0,1,0,0,0,0
8,1.1102230246251565e-16,31600000.00,0,0,0,0,0,0,1,1,0,0,1,1,0,1,0,0,0,1,0,0,0,0,1,1
6,1.1102230246251565e-16,28200000.00,0,0,0,0,0,0,0,0,1,0,1,1,0,1,0,0,0,1,0,1,0,0,0,0
13,1.1102230246251565e-16,62000000.00,0,0,0,0,0,0,0,1,1,1,1,1,0,1,1,1,1,1,0,1,0,0,1,1
4,1.1102230246251565e-16,12400000.00,0,0,0,0,0,0,0,0,0,0,1,0,0,0,0,0,0,1,0,1,0,0,1,0
3,1.1102230246251565e-16,6800000.00,0,0,0,0,0,0,0,0,0,0,1,1,0,0,0,0,0,0,0,0,0,0,1,0
10,1.1102230246251565e-16,53000000.00,0,0,0,0,0,0,1,0,0,1,1,1,1,1,0,1,1,1,0,0,0,0,1,0
8,1.1102230246251565e-16,24440000.01,0,0,1,0,1,1,0,0,0,0,1,0,1,0,1,0,0,0,0,0,0,1,0,0
8,1.1102230246251565e-16,35000000.00,0,0,0,0,0,0,1,0,1,1,1,1,0,1,0,0,1,0,0,0,0,0,1,0
13,1.1102230246251565e-16,74400000.00,0,0,0,0,0,0,1,1,1,1,1,1,0,1,1,1,1,1,1,0,0,0,1,0
8,1.1102230246251565e-16,28200000.00,0,0,0,0,0,0,0,0,1,1,0,1,0,1,0,0,0,0,1,1,1,0,1,0
9,1.1102230246251565e-16,48360000.00,0,0,1,0,0,0,0,0,1,1,1,0,0,1,1,1,0,1,0,1,0,0,0,0
8,1.1102230246251565e-16,26000000.00,0,0,0,0,0,0,1,1,0,1,1,1,0,0,0,0,1,0,0,1,0,0,0,1
9,1.1102230246251565e-16,35000000.00,0,0,0,0,0,0,1,1,1,0,1,1,0,1,0,0,0,0,1,1,0,0,1,0
7,1.1102230246251565e-16,38120000.00,0,0,1,0,0,1,1,0,0,0,0,1,0,0,0,1,0,1,1,0,0,0,0,0
11,1.1102230246251565e-16,35000000.00,0,0,0,0,0,0,1,1,1,1,0,1,0,1,0,0,0,0,1,1,1,0,1,1
5,1.1102230246251565e-16,15800000.00,0,0,0,0,0,0,0,0,0,1,1,0,0,0,0,0,1,0,0,1,0,0,1,0
11,1.1102230246251565e-16,47400000.00,0,0,0,0,0,0,0,1,1,1,1,1,1,1,1,1,0,0,0,1,0,0,1,0
9,1.1102230246251565e-16,38400000.00,0,0,0,0,0,0,1,1,1,1,1,1,0,0,0,0,1,1,0,0,0,0,0,1
11,1.1102230246251565e-16,56400000.00,0,0,0,0,0,0,0,1,1,1,1,1,1,0,1,1,1,1,0,0,0,0,1,0
12,1.1102230246251565e-16,50800000.00,0,0,0,0,0,0,1,1,1,1,1,1,1,1,0,0,1,1,0,1,0,0,0,1
4,1.1102230246251565e-16,10200000.00,0,0,0,0,0,0,0,0,0,1,1,1,0,0,0,0,0,0,0,0,0,0,1,0
2,1.1102230246251565e-16,9000000.00,0,0,0,0,0,0,0,0,0,0,0,0,0,0,0,0,1,0,0,1,0,0,0,0
12,1.1102230246251565e-16,44920000.00,0,0,1,0,0,1,0,0,1,0,1,1,1,0,1,0,1,1,0,0,0,1,1,1
7,1.1102230246251565e-16,22600000.00,0,0,0,0,0,0,0,0,1,1,1,1,0,0,1,0,0,0,0,1,0,0,1,0
4,1.1102230246251565e-16,6800000.00,0,0,0,0,0,0,0,0,0,0,1,1,0,0,0,0,0,0,0,1,0,0,1,0
9,1.1102230246251565e-16,40600000.00,0,0,0,0,0,0,1,0,1,1,0,1,0,1,0,0,1,1,0,1,0,0,1,0
11,1.1102230246251565e-16,42440000.01,1,0,0,1,1,0,0,0,0,1,1,0,0,1,0,0,1,1,0,0,0,0,1,1
10,1.1102230246251565e-16,39360000.00,0,0,1,0,0,0,0,0,1,0,1,1,0,0,1,0,1,1,0,0,0,1,1,1
9,1.1102230246251565e-16,35000000.00,0,0,0,0,0,0,1,1,0,1,1,1,0,0,0,0,1,1,0,1,0,0,0,1
11,1.1102230246251565e-16,50520000.00,0,1,0,1,0,0,0,1,0,1,0,1,0,1,0,0,1,1,1,0,1,0,0,1
7,1.1102230246251565e-16,35000000.00,0,0,0,0,0,0,1,0,1,1,1,1,0,0,0,0,1,1,0,0,0,0,0,0
12,1.1102230246251565e-16,66360000.00,1,0,0,0,0,0,0,0,0,0,1,1,1,1,1,1,1,1,1,0,0,0,1,1
5,1.1102230246251565e-16,6800000.00,0,0,0,0,0,0,0,1,0,0,1,0,0,0,0,0,0,0,0,1,1,0,1,0
11,1.1102230246251565e-16,32520000.00,0,1,1,0,0,0,0,1,1,0,0,1,0,1,0,0,0,0,1,1,1,1,1,0
9,1.1102230246251565e-16,28160000.00,0,0,0,0,0,1,0,0,1,1,1,1,1,0,1,0,0,0,0,1,0,0,1,0
4,1.1102230246251565e-16,15800000.00,0,0,0,0,0,0,0,0,1,0,1,0,0,0,0,0,0,1,0,0,0,0,1,0
16,1.1102230246251565e-16,61680000.00,0,0,1,1,0,1,1,0,0,1,0,1,0,1,1,1,0,1,1,1,1,1,1,1
7,1.1102230246251565e-16,22600000.00,0,0,0,0,0,0,0,1,0,1,1,1,0,0,1,0,0,0,0,0,0,0,1,1
8,1.1102230246251565e-16,18840000.00,1,1,1,1,0,0,1,1,0,0,0,1,0,0,0,0,0,0,0,0,0,0,0,1
9,1.1102230246251565e-16,32520000.00,0,1,1,0,0,0,0,1,0,1,1,0,0,0,0,1,0,0,1,1,0,0,1,0
11,1.1102230246251565e-16,62000000.00,0,0,0,0,0,0,1,1,0,1,1,1,0,1,1,1,1,1,0,0,0,0,1,0
6,1.1102230246251565e-16,15800000.00,0,0,0,0,0,0,0,0,0,1,1,0,0,0,0,0,1,0,0,1,0,0,1,1
3,1.1102230246251565e-16,3400000.00,0,0,0,0,0,0,0,0,0,0,0,1,0,0,0,0,0,0,0,0,1,0,1,0
7,1.1102230246251565e-16,26000000.00,0,0,0,0,0,0,1,1,0,1,1,1,0,0,0,0,1,0,0,1,0,0,0,0
2,1.1102230246251565e-16,9000000.00,0,0,0,0,0,0,0,0,0,0,0,0,0,1,0,0,0,0,0,1,0,0,0,0
7,1.1102230246251565e-16,26000000.00,0,0,0,0,0,0,1,1,1,0,1,1,0,0,0,0,0,0,1,0,0,0,1,0
10,1.1102230246251565e-16,35920000.00,0,0,1,0,0,1,0,0,1,0,1,1,1,0,0,0,1,1,0,1,0,0,1,0
11,1.1102230246251565e-16,47120000.01,0,0,1,0,0,0,0,1,1,0,0,0,0,1,0,1,1,0,1,1,0,1,0,1
7,1.1102230246251565e-16,24800000.00,0,0,0,0,0,0,0,0,0,0,1,1,0,0,1,0,1,0,0,0,0,1,1,1
6,1.1102230246251565e-16,19200000.00,0,0,0,0,0,0,0,0,0,1,1,1,0,1,0,0,0,0,0,0,1,0,1,0
5,1.1102230246251565e-16,21400000.00,0,0,0,0,0,0,0,0,0,0,1,0,0,0,0,0,1,1,0,1,0,0,1,0
13,1.1102230246251565e-16,68800000.00,0,0,0,0,0,0,1,1,1,1,1,1,1,1,1,0,1,1,1,0,0,0,1,0
5,1.1102230246251565e-16,12400000.00,0,0,0,0,0,0,0,0,0,0,1,0,0,0,0,0,0,1,0,1,0,0,1,1
12,1.1102230246251565e-16,56400000.00,0,0,0,0,0,0,0,1,1,1,1,1,1,1,1,1,0,0,1,1,0,0,1,0
4,1.1102230246251565e-16,10200000.00,0,0,0,0,0,0,0,0,1,1,1,0,0,0,0,0,0,0,0,1,0,0,0,0
6,1.1102230246251565e-16,17000000.00,0,0,0,0,0,0,1,1,0,1,1,1,0,0,0,0,0,0,0,1,0,0,0,0
7,1.1102230246251565e-16,31600000.00,0,0,0,0,0,0,0,0,1,1,1,1,0,0,0,1,1,0,0,0,0,0,1,0
5,1.1102230246251565e-16,15800000.00,0,0,0,0,0,0,0,0,0,1,1,0,0,0,0,0,1,0,0,1,0,0,1,0
12,1.1102230246251565e-16,53000000.00,0,0,0,0,0,0,1,0,1,1,1,1,0,1,0,1,1,1,0,1,0,0,1,1
8,1.1102230246251565e-16,37200000.00,0,0,0,0,0,0,1,1,0,0,0,1,0,1,0,0,1,1,0,1,0,0,1,0
6,1.1102230246251565e-16,24800000.00,0,0,0,0,0,0,0,0,1,0,1,0,0,0,0,0,1,1,0,1,0,0,1,0
9,1.1102230246251565e-16,35000000.00,0,0,0,0,0,0,0,0,1,1,1,1,1,0,0,1,1,0,0,1,0,0,1,0
10,1.1102230246251565e-16,38400000.00,0,0,0,0,0,0,1,1,1,1,1,1,0,1,0,0,0,1,0,1,0,0,1,0
5,1.1102230246251565e-16,19200000.00,0,0,0,0,0,0,1,0,1,0,1,0,0,0,0,0,0,1,0,0,0,0,1,0
10,1.1102230246251565e-16,31280000.00,0,0,1,0,1,1,0,0,1,0,1,0,0,1,1,0,0,0,0,1,1,0,0,1
5,1.1102230246251565e-16,21400000.00,0,0,0,0,0,0,0,0,0,0,0,1,0,1,0,0,1,0,0,0,1,0,1,0
12,1.1102230246251565e-16,65400000.00,0,0,0,0,0,0,1,1,0,1,1,1,1,1,1,1,0,1,1,0,0,0,1,0
6,1.1102230246251565e-16,22600000.00,0,0,0,0,0,0,0,0,1,1,1,1,0,1,0,0,0,0,0,0,0,0,1,0
12,1.1102230246251565e-16,56400000.00,0,0,0,0,0,0,0,1,1,1,1,1,1,1,1,1,1,0,0,1,0,0,1,0
11,1.1102230246251565e-16,62000000.00,0,0,0,0,0,0,0,1,0,1,1,1,1,1,1,1,1,1,0,0,0,0,1,0
9,1.1102230246251565e-16,37200000.00,0,0,0,0,0,0,0,0,1,1,0,1,0,1,0,0,1,1,0,1,1,0,1,0
5,1.1102230246251565e-16,13600000.00,0,0,0,0,0,0,0,0,1,1,1,1,0,0,0,0,0,0,0,0,0,0,1,0
10,1.1102230246251565e-16,56400000.00,0,0,0,0,0,0,1,0,1,1,1,1,1,1,0,1,1,1,0,0,0,0,0,0
11,1.1102230246251565e-16,56400000.00,0,0,0,0,0,0,1,1,1,1,1,1,0,0,1,0,1,1,1,0,0,0,1,0
6,1.1102230246251565e-16,33800000.00,0,0,0,0,0,0,0,0,1,0,1,0,0,1,0,0,1,1,0,0,0,0,1,0
6,1.1102230246251565e-16,15800000.00,0,0,0,0,0,0,0,0,0,0,1,1,0,0,0,0,0,1,0,1,0,0,1,1
11,1.1102230246251565e-16,56400000.00,0,0,0,0,0,0,1,1,0,1,1,1,1,0,1,1,1,1,0,0,0,0,1,0
9,1.1102230246251565e-16,44000000.00,0,0,0,0,0,0,1,1,0,1,1,1,0,1,0,0,1,0,1,1,0,0,0,0
8,1.1102230246251565e-16,31600000.00,0,0,0,0,0,0,0,1,1,1,0,1,0,1,0,1,0,0,0,1,0,0,1,0
12,1.1102230246251565e-16,62000000.00,0,0,0,0,0,0,1,0,0,1,1,1,1,1,1,0,1,1,1,0,0,0,1,1
6,1.1102230246251565e-16,28200000.00,0,0,0,0,0,0,1,0,0,0,1,1,0,1,1,0,0,0,0,0,0,0,1,0
10,1.1102230246251565e-16,46200000.00,0,0,0,0,0,0,0,0,1,1,0,1,0,1,0,1,1,1,0,1,1,0,1,0
6,1.1102230246251565e-16,17000000.00,0,0,0,0,0,0,0,1,1,1,1,0,1,0,0,0,0,0,0,1,0,0,0,0
12,1.1102230246251565e-16,56400000.00,0,0,0,0,0,0,0,1,1,1,1,1,1,1,1,1,0,1,0,1,0,0,1,0
8,1.1102230246251565e-16,31600000.00,0,0,0,0,0,0,0,0,1,1,1,0,1,1,0,1,0,0,0,1,0,0,1,0
6,1.1102230246251565e-16,28200000.00,0,0,0,0,0,0,1,0,1,0,1,0,0,1,0,0,0,1,0,0,0,0,1,0
7,1.1102230246251565e-16,17000000.00,0,0,0,0,0,0,1,1,1,0,1,1,0,0,0,0,0,0,0,1,0,0,1,0
8,1.1102230246251565e-16,37200000.00,0,0,0,0,0,0,0,0,0,0,1,1,1,1,1,0,0,0,1,0,1,0,1,0
6,1.1102230246251565e-16,19200000.00,0,0,0,0,0,0,0,1,1,0,1,0,0,0,0,0,0,1,0,1,0,0,1,0
11,1.1102230246251565e-16,56400000.00,0,0,0,0,0,0,0,1,1,1,1,1,1,0,0,1,1,1,1,0,0,0,1,0
10,1.1102230246251565e-16,38400000.00,0,0,0,0,0,0,0,1,1,1,1,1,1,1,1,0,0,0,0,1,0,0,1,0
10,1.1102230246251565e-16,49600000.00,0,0,0,0,0,0,0,0,1,1,1,1,0,1,1,1,0,0,1,1,0,0,1,0
9,1.1102230246251565e-16,44000000.00,0,0,0,0,0,0,1,0,0,1,1,1,1,1,0,1,1,0,0,0,0,0,1,0
4,1.1102230246251565e-16,12400000.00,0,0,0,0,0,0,0,0,0,0,1,0,0,0,0,0,1,0,0,1,0,0,1,0
9,1.1102230246251565e-16,40600000.00,0,0,0,0,0,0,0,0,1,1,1,1,0,0,1,1,0,0,1,1,0,0,1,0
10,1.1102230246251565e-16,47400000.00,0,0,0,0,0,0,1,1,0,1,1,1,1,1,0,0,1,1,0,1,0,0,0,0
5,1.1102230246251565e-16,12400000.00,0,0,0,0,0,0,0,0,1,0,0,0,0,0,0,0,0,1,0,1,1,0,1,0
10,1.1102230246251565e-16,22280000.01,1,1,0,0,0,0,0,0,1,1,0,0,0,1,0,0,0,0,0,0,1,1,1,1
10,1.1102230246251565e-16,47400000.00,0,0,0,0,0,0,1,1,1,1,1,1,0,0,1,0,1,0,1,0,0,0,1,0
5,1.1102230246251565e-16,15800000.00,0,0,0,0,0,0,0,0,1,0,1,0,0,0,1,0,0,0,0,1,0,0,1,0
10,1.1102230246251565e-16,40600000.00,0,0,0,0,0,0,0,0,1,1,1,0,1,1,0,1,0,0,1,1,1,0,1,0
8,1.1102230246251565e-16,35000000.00,0,0,0,0,0,0,1,1,0,1,1,1,0,0,1,0,1,0,0,1,0,0,0,0
9,1.1102230246251565e-16,40600000.00,0,0,0,0,0,0,1,0,0,1,1,0,1,1,0,0,1,1,0,1,0,0,1,0
10,1.1102230246251565e-16,49600000.00,0,0,0,0,0,0,0,1,1,1,0,1,0,1,0,1,0,1,1,1,0,0,1,0
4,1.1102230246251565e-16,3400000.00,0,0,0,0,0,0,0,0,0,0,1,0,0,0,0,0,0,0,0,1,0,0,1,1
11,1.1102230246251565e-16,56400000.00,0,0,0,0,0,0,1,1,0,1,1,1,1,1,0,1,1,1,0,0,0,0,1,0
4,1.1102230246251565e-16,10200000.00,0,0,0,0,0,0,1,0,0,1,1,0,0,0,0,0,0,0,0,1,0,0,0,0
9,1.1102230246251565e-16,44000000.00,0,0,0,0,0,0,1,0,1,1,1,1,0,0,1,0,1,0,1,0,0,0,1,0
9,1.1102230246251565e-16,49600000.00,0,0,0,0,0,0,1,0,1,0,1,1,0,1,0,1,0,1,1,0,0,0,1,0
10,1.1102230246251565e-16,47400000.00,0,0,0,0,0,0,1,1,0,1,1,1,1,1,0,1,1,0,0,1,0,0,0,0
7,1.1102230246251565e-16,28200000.00,0,0,0,0,0,0,0,1,1,0,0,1,0,0,1,0,0,1,0,1,0,0,1,0
6,1.1102230246251565e-16,13600000.00,0,0,0,0,0,0,0,0,1,1,1,1,0,0,0,0,0,0,0,1,0,0,1,0
7,1.1102230246251565e-16,35000000.00,0,0,0,0,0,0,1,1,1,0,1,1,0,1,0,0,0,1,0,0,0,0,0,0
10,1.1102230246251565e-16,44000000.00,0,0,0,0,0,0,1,0,0,1,1,1,1,1,1,0,1,0,0,0,0,0,1,1
5,1.1102230246251565e-16,21400000.00,0,0,0,0,0,0,0,0,0,0,1,0,0,0,0,0,1,1,0,1,0,0,1,0
2,1.1102230246251565e-16,9000000.00,0,0,0,0,0,0,0,0,0,0,0,0,0,0,1,0,0,0,0,1,0,0,0,0
6,1.1102230246251565e-16,15800000.00,0,0,0,0,0,0,0,1,0,0,0,1,0,0,0,0,1,0,0,1,1,0,1,0
10,1.1102230246251565e-16,40600000.00,0,0,0,0,0,0,0,0,0,1,1,1,1,1,1,0,0,1,0,1,0,0,1,1
10,1.1102230246251565e-16,47400000.00,0,0,0,0,0,0,1,1,1,1,1,0,1,0,1,0,1,1,0,0,0,0,1,0
9,1.1102230246251565e-16,40600000.00,0,0,0,0,0,0,0,0,1,1,1,1,0,0,1,0,0,1,1,1,0,0,1,0
13,1.1102230246251565e-16,50480000.00,1,1,1,0,0,0,0,0,1,1,1,1,1,0,0,1,1,1,0,0,1,0,1,0
10,1.1102230246251565e-16,44000000.00,0,0,0,0,0,0,0,1,1,1,0,1,1,0,1,1,0,1,0,0,1,0,1,0
8,1.1102230246251565e-16,37200000.00,0,0,0,0,0,0,0,0,1,1,1,0,0,0,1,1,0,0,1,1,0,0,1,0
6,1.1102230246251565e-16,30400000.00,0,0,0,0,0,0,0,0,0,0,1,0,0,1,0,0,1,1,0,1,0,0,1,0
13,1.1102230246251565e-16,44920000.01,0,0,0,0,0,1,0,0,0,1,1,1,1,1,1,0,1,0,0,0,1,1,1,1
4,1.1102230246251565e-16,15800000.00,0,0,0,0,0,0,0,0,0,0,1,1,0,0,0,0,1,0,0,0,0,0,1,0
10,1.1102230246251565e-16,53000000.00,0,0,0,0,0,0,1,0,0,1,1,1,1,1,1,0,1,1,0,0,0,0,1,0
7,1.1102230246251565e-16,22600000.00,0,0,0,0,0,0,0,0,1,1,1,1,0,0,0,0,1,0,0,1,0,0,1,0
5,1.1102230246251565e-16,6800000.00,0,0,0,0,0,0,0,0,0,1,1,0,0,0,0,0,0,0,0,1,0,0,1,1
12,1.1102230246251565e-16,51760000.00,0,0,0,1,0,0,0,1,1,0,1,1,0,0,0,1,1,1,1,0,1,1,0,1
11,1.1102230246251565e-16,53920000.00,0,1,0,1,0,0,1,1,1,0,1,0,0,1,1,0,1,0,1,0,0,0,1,0
6,1.1102230246251565e-16,24800000.00,0,0,0,0,0,0,0,0,0,0,1,1,0,0,0,1,0,1,0,1,0,0,1,0
11,1.1102230246251565e-16,53000000.00,0,0,0,0,0,0,1,1,1,1,0,1,0,1,1,0,1,0,1,1,0,0,1,0
11,1.1102230246251565e-16,31560000.00,0,1,0,0,0,0,1,0,1,1,1,1,1,0,0,1,0,0,0,0,1,1,1,0
13,1.1102230246251565e-16,41480000.00,1,0,0,1,0,1,1,1,0,1,1,0,1,0,0,0,0,1,1,1,1,0,0,1
11,1.1102230246251565e-16,29080000.01,0,1,0,1,0,0,0,1,1,0,1,1,0,0,0,1,0,0,0,0,0,1,1,1
11,1.1102230246251565e-16,53000000.00,0,0,0,0,0,0,0,1,0,1,1,1,1,1,1,1,1,0,0,0,0,0,1,1
11,1.1102230246251565e-16,56400000.00,0,0,0,0,0,0,1,1,0,1,1,1,1,1,1,1,0,1,0,0,0,0,1,0
3,1.1102230246251565e-16,6800000.00,0,0,0,0,0,0,1,0,0,0,1,0,0,0,0,0,0,0,0,1,0,0,0,0
11,1.1102230246251565e-16,62000000.00,0,0,0,0,0,0,1,0,0,1,1,1,1,1,1,0,1,1,1,0,0,0,1,0
12,1.1102230246251565e-16,56400000.00,0,0,0,0,0,0,1,1,0,1,1,1,1,1,1,0,1,1,0,0,0,0,1,1
7,1.1102230246251565e-16,26000000.00,0,0,0,0,0,0,0,1,1,1,1,1,0,0,0,1,0,0,0,0,0,0,1,0
5,1.1102230246251565e-16,15800000.00,0,0,0,0,0,0,0,0,0,0,1,1,0,0,0,0,1,0,0,1,0,0,1,0
8,1.1102230246251565e-16,29120000.00,0,0,1,1,0,0,0,1,1,0,0,0,0,0,0,0,1,1,0,0,1,1,0,0
6,1.1102230246251565e-16,21400000.00,0,0,0,0,0,0,0,0,1,0,0,0,0,0,0,1,0,0,1,1,1,0,1,0
9,1.1102230246251565e-16,47400000.00,0,0,0,0,0,0,1,1,1,1,1,1,0,1,0,0,1,1,0,0,0,0,0,0
7,1.1102230246251565e-16,26000000.00,0,0,0,0,0,0,1,0,1,1,1,1,0,1,0,0,0,0,0,1,0,0,0,0
11,1.1102230246251565e-16,56400000.00,0,0,0,0,0,0,1,1,0,1,1,1,1,1,1,0,1,1,0,0,0,0,1,0
6,1.1102230246251565e-16,22600000.00,0,0,0,0,0,0,1,1,0,0,1,1,0,0,1,0,0,0,0,1,0,0,0,0
6,1.1102230246251565e-16,28200000.00,0,0,0,0,0,0,1,0,1,0,1,0,0,0,1,0,0,1,0,0,0,0,1,0
4,1.1102230246251565e-16,15800000.00,0,0,0,0,0,0,1,0,1,0,0,0,0,0,0,0,0,1,0,0,0,0,1,0
7,1.1102230246251565e-16,24800000.00,0,0,0,0,0,0,1,0,0,0,0,1,0,1,0,0,1,0,0,1,1,0,1,0
9,1.1102230246251565e-16,44000000.00,0,0,0,0,0,0,1,0,0,1,1,1,1,0,1,1,1,0,0,0,0,0,1,0
5,1.1102230246251565e-16,13600000.00,0,0,0,0,0,0,0,0,1,1,1,1,0,0,0,0,0,0,0,0,0,0,1,0
8,1.1102230246251565e-16,37200000.00,0,0,0,0,0,0,1,0,1,0,1,0,0,1,0,0,0,1,1,1,0,0,1,0
9,1.1102230246251565e-16,35000000.00,0,0,0,0,0,0,0,1,1,1,1,1,0,1,0,1,0,0,0,1,0,0,1,0
8,1.1102230246251565e-16,44000000.00,0,0,0,0,0,0,1,0,0,1,1,1,1,1,1,0,1,0,0,0,0,0,0,0
5,1.1102230246251565e-16,19200000.00,0,0,0,0,0,0,1,0,0,1,1,0,0,0,0,0,0,1,0,1,0,0,0,0
10,1.1102230246251565e-16,53000000.00,0,0,0,0,0,0,1,0,1,1,1,1,0,1,1,0,1,1,0,0,0,0,1,0
4,1.1102230246251565e-16,9000000.00,0,0,0,0,0,0,0,0,0,0,0,0,0,0,1,0,0,0,0,1,1,0,1,0
7,1.1102230246251565e-16,24800000.00,0,0,0,0,0,0,0,0,1,0,1,0,0,0,1,0,0,1,0,1,1,0,1,0
8,1.1102230246251565e-16,37200000.00,0,0,0,0,0,0,0,0,0,1,1,0,1,0,1,0,0,1,1,0,0,0,1,1
5,1.1102230246251565e-16,15800000.00,0,0,0,0,0,0,0,1,0,0,1,0,0,1,0,0,0,0,0,1,0,0,0,1
6,1.1102230246251565e-16,17000000.00,0,0,0,0,0,0,1,1,1,0,1,1,0,0,0,0,0,0,0,0,0,0,1,0
10,1.1102230246251565e-16,58600000.00,0,0,0,0,0,0,1,0,0,1,0,1,1,1,1,0,1,1,1,0,0,0,1,0
10,1.1102230246251565e-16,40600000.00,0,0,0,0,0,0,1,1,0,0,1,1,0,0,1,0,0,1,1,1,0,0,1,1
5,1.1102230246251565e-16,19200000.00,0,0,0,0,0,0,1,0,1,0,1,0,0,0,1,0,0,0,0,0,0,0,1,0
7,1.1102230246251565e-16,22600000.00,0,0,0,0,0,0,0,0,0,1,1,1,1,0,0,0,1,0,0,1,0,0,1,0
10,1.1102230246251565e-16,53000000.00,0,0,0,0,0,0,0,1,0,1,1,1,1,1,0,1,1,1,0,0,0,0,1,0
5,1.1102230246251565e-16,6800000.00,0,0,0,0,0,0,0,0,0,0,1,1,0,0,0,0,0,0,0,1,0,0,1,1
5,1.1102230246251565e-16,12400000.00,0,0,0,0,0,0,0,0,0,0,1,0,0,0,0,0,0,1,0,1,0,0,1,1
15,1.1102230246251565e-16,74080000.00,0,1,1,1,0,0,0,1,0,1,1,0,1,1,1,1,1,1,1,0,1,1,0,0
12,1.1102230246251565e-16,65400000.00,0,0,0,0,0,0,1,1,1,1,1,1,0,0,1,1,1,1,1,0,0,0,1,0
9,1.1102230246251565e-16,37200000.00,0,0,0,0,0,0,0,0,0,0,1,1,1,1,1,0,0,1,0,1,0,0,1,1
9,1.1102230246251565e-16,35000000.00,0,0,0,0,0,0,0,0,1,1,1,1,1,1,0,0,1,0,0,1,0,0,1,0
3,1.1102230246251565e-16,21400000.00,0,0,0,0,0,0,1,0,0,0,0,0,0,0,0,0,1,1,0,0,0,0,0,0
9,1.1102230246251565e-16,46200000.00,0,0,0,0,0,0,1,0,0,0,1,0,1,1,0,0,1,1,1,1,0,0,1,0
12,1.1102230246251565e-16,35920000.00,1,0,1,0,0,0,0,0,1,1,1,1,0,0,0,0,1,0,1,0,1,1,1,1
8,1.1102230246251565e-16,38120000.00,1,1,0,0,0,0,0,0,0,0,1,1,0,1,0,0,1,1,0,0,1,0,0,0
6,1.1102230246251565e-16,24800000.00,0,0,0,0,0,0,0,0,1,0,1,0,0,0,1,0,0,1,0,1,0,0,1,0
9,1.1102230246251565e-16,26000000.00,0,0,0,0,0,0,0,1,1,1,1,1,0,1,0,0,0,0,0,1,1,0,1,0
10,1.1102230246251565e-16,53000000.00,0,0,0,0,0,0,0,1,1,1,1,1,0,1,1,1,0,1,0,0,0,0,1,0
9,1.1102230246251565e-16,44000000.00,0,0,0,0,0,0,1,1,1,1,0,1,0,0,1,0,1,0,1,0,0,0,1,0
12,1.1102230246251565e-16,62000000.00,0,0,0,0,0,0,0,1,0,1,1,1,1,1,1,1,1,1,0,1,0,0,1,0
6,1.1102230246251565e-16,22600000.00,0,0,0,0,0,0,1,0,1,0,1,1,0,0,0,0,0,1,0,0,0,0,0,1
12,1.1102230246251565e-16,53920000.00,0,0,1,1,0,0,1,0,0,1,1,0,1,1,1,0,1,0,1,0,0,1,1,0
